sentence,intent,,,,
나도 지금 그 생각 하고 있어. 제대로 얘길해봐야겠어.,0,,,,
강남이야. 거기서 확진자가 나왔다..,0,,,,
그 상사 새끼는 서로 말이 통하지 않아!,0,,,,
걔는 항상 음식을 먹고 치우지를 않아.,0,,,,
내일 약속이 있는데 약속 장소에 가야 하나 고민 중이야.,0,,,,
너는 좋아하는 게 뭐야?,0,,,,
그런 방법도 있네요. 조언해주셔서 감사해요.,0,,,,
그러겠지. 고마워.,0,,,,
그새끼는 왜 나한테만 지랄이지?,0,,,,
놀란건 많이 진정이 됐는데 또 잠드는게 무섭기는 해.,0,,,,
그냥 모든 게 다 잘 안 되는 것 같구.,0,,,,
그냥 가까운 산에 묻어줬어.,0,,,,
난 기분 풀고 싶을 때 락음악을 들어.,0,,,,
그래놓고는 사과는 안하려고 발뺌하더라고!,0,,,,
나도 그러고 싶은 마음이야. 답답해.,0,,,,
"내일 약속이 있는데, 그래도 가는 게 맞는 걸까?",0,,,,
아니야. 지금은 뭘 먹으면 안돼. 그냥 점심 때 뭐 먹을래.,0,,,,
그래. 같은 값이면 애피타이저도 잘 나오는 곳이 낫겠지?,0,,,,
어떻게 이럴 수가 있지?,0,,,,
그게 좋을 것 같아. 방향제도 바로 사와야겠어.,0,,,,
너무 힘들어. 그만두고 싶어.,0,,,,
"놀랐고, 지금 아직도 속이 안 좋아.",0,,,,
다들 남의 일에는 관심이 없어. 그냥 나 혼자 힘들고 마는거지.,0,,,,
너의 말대로 시간이 되면 여행을 다녀오는 것도 의미가 있을 것 같아.,0,,,,
난 일식을 좋아하지만 그래도 양식도 좋아하기도 해. 둘 다 먹을 수 있어.,0,,,,
내 10키로 마라톤 기록이 어 한 5분 빨라졌어.,0,,,,
너 지금 나 무시해?,0,,,,
그러게. 일 때문에 그런 것 같기도 해. 무기력하기도 하고.,0,,,,
나 요즘 허리가 아파와.,0,,,,
너무 편한 사이라서 말해봤자 그 친구가 내 말을 진지하게 들을 생각을 안 할 거야. 그리고 이 문제로 싸우는 게 더 피곤해,0,,,,
그렇잖아도 친구들이랑 벌써 약속했지. 내일 만나기로 했어.,0,,,,
그래도 생각해보는 중이야.,0,,,,
난 프로젝트 끝난 기념으로 집에서 좀 쉬려고.,0,,,,
그러기를 바래야지.,0,,,,
그냥 주변 지인들이 알려줘서 시작했는데 영.,0,,,,
그렇지 않아도 선배가 위로한다고 커피 사줘서 마시고 왔어.,0,,,,
나 요즘 주식하는데 상황이 심각해.,0,,,,
나 요새 허리가 너무 아파.,0,,,,
그저께 밤에 애가 갑자기 의식이 없어서 응급실 데려갔었거든. 어제는 밥도 먹고 좀 괜찮아지나 싶었는데 결국 못 일어났어.,0,,,,
나 프로젝트 완전히 끝냈어!,0,,,,
그냥 집에만 있으니까 무기력하고 기분이 별로야.,0,,,,
그렇게 말해주니 기분이 좋구만.,0,,,,
너무 답답해서 전화를 했는데 전화도 안받아.,0,,,,
"그런가봐. 요새 프로젝트 하느라 너무 바쁜데, 그것 때문에 그런가봐.",0,,,,
"그 일을 왜 그렇게 했는지 모르겠어, 진짜 후회돼.",0,,,,
그러게. 그렇게 큰 일이 아니면 좋겠는데.,0,,,,
그때 그 일을 하지 말 걸 그랬어요.,0,,,,
권태기지 뭐.,0,,,,
내 가족들이랑 동해바다에 가서 놀다 오기로 했어.,0,,,,
"파티에 가지 말 걸, 후회돼.",0,,,,
내가 뒤쪽에 있어서 앞이 잘 보이지 않아서 무슨 일인지 잘 못 봤어.,0,,,,
"그래, 그냥 음악이나 들으면서 기분 풀어야겠어. 신나는 음악이 좋아.",0,,,,
"고생이 많지, 내가 정말.",0,,,,
그래야겠어. 그래야 마음을 진정시키지.,0,,,,
내가 깜짝 놀라서 막 달려가서 해피를 안고왔기 때문에 다행히 아무 일도 없었어.,0,,,,
고마워. 그래도 너밖에 없다.,0,,,,
"그럴려고 하고 있어 오늘 회사도 연차냈어.	",0,,,,
나 혼자 집 안에 있으니까 너무 무섭고 두려워.,0,,,,
그저께 밤에 갑자기 의식을 잃어서 정신없이 병원에 데려갔는데 그렇게 됐어.,0,,,,
그러게. 경찰들도 아주 고생이야.,0,,,,
"그래야겠어 취미생활이라도 좀 가지면 나아지겠지.	",0,,,,
그래요. 한 번 열어볼게요.,0,,,,
기분도 좋은데 신나는 음악 듣는 거 정말 좋겠다!,0,,,,
그래야겠다! 더 신나겠는데?,0,,,,
다 내 잘못이야.,0,,,,
나 우리집에 갇혔어.,0,,,,
그럴까봐. 내 친구 병원가는데 같이 가기로 했는데 나도 검사 좀 받아봐야겠어.,0,,,,
1층에서 4층 올라갈려고 엘리베이터 탔는데 갇혔어.,0,,,,
그래야지. 친구들이랑 이제 맛있는 음식도 많이 먹고 재미난 것도 많이 하려구.,0,,,,
그냥 뭐 이런저런거 하고있지. 쉽지 않은 것 같아. 계속 손해만. 아휴.,0,,,,
나 룸메랑 또 싸웠어.,0,,,,
고마워. 좋은 집으로 부탁해.,0,,,,
그래 나갈 수가 없어.,0,,,,
너무 마음이 아파. 이렇게 누가 죽은 적은 처음이거든.,0,,,,
"같이 밥 먹던 친구가 발목을 다쳤는데, 다행히 큰 부상은 아닌 거 같아.",0,,,,
경기도에 있는 유기견보호소였는데 그 곳 아이들이 너무 처참했어.,0,,,,
나 정말 겁이 나. 혼자 갇힌 것 같아.,0,,,,
그때 왜 그렇게 행동했을까?,0,,,,
난 영화를 좋아하니깐 영화 다운받아서 보면서 지낼래.,0,,,,
다들 바빠서 집에 가기 바뻐.,0,,,,
나도 알아! 니가 뭔데 참견이야!,0,,,,
금융 관련 지주를 들고 있어.,0,,,,
계속 다닐 수 있어.,0,,,,
너무 지저분해. 청소를 너무 안해.,0,,,,
그러게. 힘든 직업이다. ,0,,,,
그래야겠지? 다른 친구들도 나랑 똑같을 거야. 비위가 상해서 쓸 수가 없을 거야.,0,,,,
그냥. 남들 다 하길래. 근데 잃었어.,0,,,,
그래야겠어. 당장 내일부터 친구들 만나야지.,0,,,,
뉴스를 봤는데 유기견 문제가 심각하더라.,0,,,,
내가 못나고 답답해서 그냥 무작정 걷고 있어.,0,,,,
그럼. 최종 발표를 마쳤으니까 이제 완전히 끝난 거야. 야호!,0,,,,
결국 나 헤어졌어.,0,,,,
계속 좋게 지내려면 그 방법도 괜찮은 것 같아.,0,,,,
"날 만날 때마다 맨날 늦는데, 나도 그냥 집에 갈까 봐.",0,,,,
갑자기 내린 비로 집 밖이 물바다래.,0,,,,
겠어. 오늘부터 운동 시작해보려고. 고마워.,0,,,,
너의 말대로 장마철이라서 습기가 더 생겨서 그런지 화장실에 곰팡이가 더 많이 보여. 볼 때마다 청소를 하는데 너무 힘들어.,0,,,,
아니에요. 매일매일 좀 많이 연습했던 게 있었던 거 같아요,0,,,,
그렇지. 궁금하지. 그래서 구경 갔는데 입구에서부터 막아대더라고.,0,,,,
그냥 하늘만 원망하고 지내기보단 영화나 게임 그런걸 하고 보내는게 더 나을 것 같긴 해.,0,,,,
그러게. 아무것도 안하고 집에만 좀 있고 싶다.,0,,,,
그래도 뉴스에 나올만큼 큰 일은 아니었으면 좋겠다.,0,,,,
기분도 너무 좋은데 신나는 음악을 듣는 게 좋겠어.,0,,,,
네. 일단 저는 집에서 영화보고 티비보면서 쉴려구요.,0,,,,
다들 하는 재테크 하는 거지 뭐.,0,,,,
네. 완전히 끝났어요. 최종 발표가 났어요.,0,,,,
그러게. 요즘 들어 청소 문제 때문에 너무 안 맞아서 걱정이야.,0,,,,
그런 사람은 욕 먹어도 싸다고! 니가 안 당해봐서 그래.,0,,,,
"고등학교 때부터 친구였는데, 그 때는 깔끔했던 거 같았어. 이렇게까지 지저분한지 몰랐어.",0,,,,
그렇지! 궁금하지? 그래서 갔는데 구경도 못하고 나왔어.,0,,,,
그냥 방에 왔어.,0,,,,
나 어제 진짜 죽는 줄 알았어!,0,,,,
너무 예전부터 잡아온 중요한 약속이라 미루기는 좀 힘들 것 같아.,0,,,,
그러고보니 벌써 두달이나 지났네. 시간 참 빠르다.,0,,,,
다들 바빠서 만나기도 힘들어. 서로들 자기 건강 챙기기에 바쁘지 뭐.,0,,,,
그래야지. 얼른 치워서 냄새도 빠져나가게 해야지.,0,,,,
"내가 참는 편이라 그냥 웃고 말거든 그래서 아직 얘기 못 했어.	",0,,,,
계단에서 넘어져서 생명에는 지장은 없는데 많이 다치셨어.,0,,,,
근데 오늘 도착해서 너무 좋아.,0,,,,
나 결국 헤어졌어. 너 몰랐지?,0,,,,
걔가 먼저 시간을 갖자고 했거든. 근데 그 사이에 새로운 사람이 생긴 거 같네?,0,,,,
누군가 싸우는지 말리는 것 같아. 사람이 많아서 정신이 없다.,0,,,,
그런가? 요즘 아무것도 하기 싫어.,0,,,,
경황이 없어서 아직 장례까지는 생각 못했어. 아마 아빠가 준비하실 거야.,0,,,,
"그렇게 많진 않았는데 가끔 그랬던 거 같아.	",0,,,,
"10분마다 연락을 해봤지. 근데 아직도 이녀석, 온다고만 하지 오질 않고 있어.",0,,,,
갑자기 엘리베이터가 멈췄어. 불도 꺼졌어.,0,,,,
그러니까. 비는 또 왜 그렇게 와. 속상하게.,0,,,,
"고등학교 때 알던 친구인데, 방을 이렇게 지저분하게 사용할 줄 몰랐어. 알았다면 룸메이트 안 했을 거야.",0,,,,
그래그래. 걱정해줘서 고마워.,0,,,,
그래. 좋은 곳으로 갔을거야. 기도해줘.,0,,,,
나는 뭐. 놀란 게 문제지.,0,,,,
그렇기도 한데 옛날보다 힘이 없네.,0,,,,
나도 그러고 싶은데 직장상사가 너무 눈치보여서 그런말하기 힘들 것 같아.,0,,,,
누가 우리 층 공용 화장실에 토해놓고 도망갔어.,0,,,,
네. 도둑들이 무서우니까 부른 거 같아요.,0,,,,
다른 여자가 생겼나 봐. 내가 어떻게 할 수가 없어.,0,,,,
그 사람이 바람폈어.,0,,,,
너밖에 없다. 회사 안에 털어놓을 사람 없어. 그러니까 내가 너한테 연락하지.,0,,,,
그럴까? 그게 나을 거 같애.,0,,,,
나 면접 또 떨어졌어. 올해만 벌써 5번째 면접이야. 너무 힘들어.,0,,,,
누군가 화장실에 토 해놓고 치우지도 않고 그냥 가버렸어.,0,,,,
내가 너무나 좋아하는 인플루언서가 진행하는 이벤트에 당첨되었어.,0,,,,
너무 징그러워서 못 찍었어!,0,,,,
나도 잘 모르겠어. 자고 일어났더니 온통 물바다가 되어 있어.,0,,,,
고마워. 앞으로는 산책 자주 시켜줘야겠다.,0,,,,
내 이번에야말로 제대로 얘기해보게.,0,,,,
그럼 집에서 운동이라도 좀 해야겠다.,0,,,,
"내가 너무나 좋아하는 인플루언서가 있는데, 인플루언서가 진행하는 이벤트에 당첨 된 거야!",0,,,,
그렇지 않아도 지금 뜯었어. 그런데 상품은 아주 좋아! 너무 마음에 들어.,0,,,,
너무 냄새가 심하고 날파리가 꼬여서 밖에다 내놨어.,0,,,,
너의 말대로 시간이 되면 여행 계획 또 세워 볼게.,0,,,,
고마워. 걱정해줘서. 잠시 시간 되면은 나갔다 올려고.,0,,,,
"내가 말했더니 다들 자기들도 바쁘다고만해.	",0,,,,
고마워. 부모님께는 아직 말씀 못 드렸어.,0,,,,
"그런가 요즘 괜히 기운도 없고 무기력 하기는 해.	",0,,,,
그렇지 않아도 관리하는 아저씨한테 얘기해놨어. 금방 치워주시겠지. 청소 하는 사람은 무슨 죄니?,0,,,,
나 아까 산책하다 정말 깜짝 놀랄 일이 있었잖아!,0,,,,
나는 경찰 좋아해.,0,,,,
30분 넘게 기다렸는데 아직도 안오고 있어.,0,,,,
너무 열받아. 어떻게해야 좋을까?,0,,,,
그래야겠어. 도무지 곰팡이가 없어지질 않아.,0,,,,
네. 곰팡이 제거제 추천해주시겠어요?,0,,,,
고등학교 동창이었는데 이렇게까지 안 맞을 줄 몰랐지.,0,,,,
다들 그렇겠지. 나만 힘든 건 아니겠지.,0,,,,
다른 층 쓰긴 했는데 짜증나!,0,,,,
"내가 너무 실망스러워서 그냥 잠깐 나왔어 정말 집에 들어가기 싫다.	",0,,,,
그래야 할 것 같아. 냄새가 너무 독해. 냄새를 맡을 수가 없어. 청소도 더 해야될 것 같아.,0,,,,
"갑자기 회사에서 전화 와서 새로운 업무를 준다고 해서 너무 화가 나고 스트레스 받았는데, 너한테 이야기하고 나니까 마음이 좀 풀렸어.",0,,,,
그날이 너무 아쉬워요.,0,,,,
"그건 그런데, 허리 계속 치료 받아야된대.",0,,,,
나 요즘 주식을 시작했는데 좋지 않네.,0,,,,
그래서 다음엔 나도 안참으려고.,0,,,,
그렇게 해놨으면은 자기가 빨리빨리 치워야지. 정말 매너가 없어.,0,,,,
아니야. 진짜 얼마나 짜증나는 줄 알아?,0,,,,
그냥 요새 기분이 안좋네.,0,,,,
괜찮진 않았지.,0,,,,
"그래서 화장실을 매일매일 청소하고 있는데, 곰팡이가 안 없어져.",0,,,,
누군가 시비를 걸어서 싸우고 있는 것 같아. 사람들이 많아서 정신이 없어.,0,,,,
"거의 그렇지. 뭐, 이젠 그냥 결과만 기다리면 돼. 결과가 좋았으면 좋겠다.",0,,,,
기다리고 있어.,0,,,,
나 말고 사람들이 엄청 많이 갔으니까 아마 알고 계실 거야.,0,,,,
그래야 할 것 같아. 좋은 냄새로 나쁜 냄새를 가려야 할 것 같아.,0,,,,
"그래. 혹시 괜찮은 병원 있으면 좀 알려줘, 나중에.",0,,,,
나는 괜찮아.,0,,,,
"그래야겠다. 아, 화장실 쓰고 싶었는데.",0,,,,
그래 얘기해줄게 고마워.,0,,,,
그러니까 밥 먹다가 토하는 줄 알았어.,0,,,,
이렇게 큰 변화를 맞이하게 될 줄은 몰랐어.,0,,,,
"내 자신이 너무 실망스러워서 그냥 무작정 걷고 있어.	",0,,,,
그래. 그런 거라도 하면서 억지로 기분 좀 풀어봐야겠다.,0,,,,
너무 눈치 보여서 잠시 밖에 나갈 수도 없어.,0,,,,
고마워. 덕분에 힘이 난다.,0,,,,
너의 말대로 시간이 지나기 전에 전화를 해야겠어. 지금 당장 해볼게!,0,,,,
그래야지. 근데 아직 아무도 출근하지 않은 거 같아.,0,,,,
그래. 한 번 해봐야겠다. 이대론 안되겠어.,0,,,,
그렇게까지 다친 건 아니야.,0,,,,
같이 사는게 돈도 절약되고 좋거든.,0,,,,
그래서 매일 청소를 하고 있는데 곰팡이가 안 없어져. 어떻게 해?,0,,,,
난 양식이 더 좋아.,0,,,,
그럼! 함께 달리는 크루가 있어서 내가 지치고 힘들 때 많은 도움을 받고 있어!,0,,,,
내가 잠을 자는 동안에 비가 엄청 많이 와서 우리 동네가 홍수 피해 지역이 됐대.,0,,,,
고등학교 동창이 소개해 줬어. 처음 만나서 서로 첫눈에 반했거든.,0,,,,
그럼. 1달간 정말 고생 많이했어.,0,,,,
500만 원 주는 이벤트였는데 당첨 됐어!,0,,,,
그런가? 아 미안. 너무 짜증나서 그랬어.,0,,,,
나 괜히 매일 우울해.,0,,,,
그렇게 말해주니 정말 고마워.,0,,,,
"그대로 있어 진짜 깜짝 놀랬어.	",0,,,,
다른 회사 면접 볼 준비를 해야하는데 또 떨어질까봐 자신이 없어.,0,,,,
노력 중이야. 오늘은 좀 일찍 퇴근해서 술도 한 잔 먹어야겠어.,0,,,,
너무 힘들고 지치지만 집안에 벌레가 생길 것 같아서 얼른 청소 해야할 것 같아.,0,,,,
너무 놀랐어. 다른 화장실을 써야될 거 같아.,0,,,,
그 일을 시작한 걸 아쉬워요.,0,,,,
내 몸은 괜찮지만 집 안으로 물이 들어올까봐 너무 걱정돼!,0,,,,
기숙사 화장실에 누가 어제 밤에 술을 많이 먹었는지 토를 해논 거 있지?,0,,,,
네. 감사합니다.,0,,,,
내가 잘못한 거 같애. 반성할게.,0,,,,
다들 바빠서 다른 사람의 안위를 챙기기엔 너무 힘들어해.,0,,,,
그냥 술취한 사람이 길거리에 누워있었나봐.,0,,,,
그냥 혼자 걷고 있어.,0,,,,
그래야겠다. 도움 줘서 고마워.,0,,,,
갑자기 아프게 된 건 아니고 시름시름 앓았었는데 그저께 입원해서 나아지는가 싶더니 결국엔 떠났어.,0,,,,
그렇지. 다시는 그래도 여기서 시켜먹진 않을 것 같아.,0,,,,
내가 잠을 자는 동안에 비가 너무 많이 와서 우리 동네가 고립됐어!,0,,,,
그저께 밤에 갑자기 의식을 잃어버리더라구. 그러고 어젯밤에 끝내 눈을 못떴어.,0,,,,
갑자기 심장병으로 떠났어.,0,,,,
너의 말대로 사진을 첨부한 다음 전화를 해봐야겠어.,0,,,,
결국은 지켜보다가 팔아야겠지.,0,,,,
내가 열심히 노력했는데 결과가 좋지 않으니까 상사한테 안 좋은 말을 들었어. 앞으로 일할 때 내 노력을 인정받는 날이 왔으면 좋겠어.,0,,,,
5일 이상은 드시는 것 같애. 정말 답답해!,0,,,,
"날이 좋았기도 하고, 그냥 걷고 있었는데 짭새가 몰려 있더라고.",0,,,,
내일도 면접이야.,0,,,,
나 어떡하지? 이번 달 망했어.,0,,,,
그러게 말이야. 술 먹고 실수한 것 같애.,0,,,,
"나만 맨날 청소하고, 화를 내도, 바뀌질 않아.",0,,,,
그렇게 하고싶은데 시간이 너무 없어.,0,,,,
"이게 사실이라니, 믿을 수 없어.",0,,,,
놀란 건 좀 괜찮아졌는데 잠을 잘 때 또 그럴까봐 무서워.,0,,,,
고등학교때부터 친구인데 이렇게 청소 안하고 막 이런앤줄은 몰랐지.,0,,,,
나 마라톤 가끔 뛰잖아요. 이번에는 대회 진출했어요.,0,,,,
그 일을 시작한 게 정말 후회돼요.,0,,,,
네. 정말 고마워요. 정말 이런 일이 나에게 벌어지다니. 정말 끔찍해요.,0,,,,
"고등학교 친구였는데, 이 정도일 줄은 몰랐지. 같이 사는데 스타일이 너무 안 맞는 거 같다.",0,,,,
그래 그러자 그럼. 그게 좋겠어.,0,,,,
네. 한시간째 답장이 없어.,0,,,,
다른 사람들은 넘어지고 난 괜찮지만 많이 무서웠어.,0,,,,
기획안 가지고도 혼났는데 일찍 퇴근하고 싶진 않아. 더 일해야지.,0,,,,
고마워. 빨리 이거 해봐야겠다.,0,,,,
그 사람이 여자가 생긴 거 같아.,0,,,,
"그래서 내가 확, 발로 차버렸어.",0,,,,
나 이벤트 당첨됐다? 흐흐.,0,,,,
그대로 있어! 더러워. 다른 층 써야될까봐. 진짜 최악이다!,0,,,,
노트북을 밖에 갖고 나갈 일도 생길 수도 있으니까 보험 가입을 생각해봐야겠어.,0,,,,
그래도 이 회사가 돈은 많이 주는걸.,0,,,,
좀 더 신중했어야 했네요.,0,,,,
"갑자기 아파서 응급실 다녀오고 나서 조금 괜찮아졌는데, 갑자기 떠났어.",0,,,,
그래 추천해 줘봐. 영화도 재밌는 걸로.,0,,,,
그것도 좋은데 별로 내키지가 않네.,0,,,,
그래. 잊어야지. 그렇지만 나는 절대로 안 그래. 저런 상황을 만들지도 않아. 저건 너무 예의없는 짓이야.,0,,,,
다 해봤는데 집에서 근무까지 하니까 별로 이젠 그런것도 힘이 안난다.,0,,,,
그니까. 나 진짜 너무 많이 놀랐다니까? 아직도 가슴이 막 쿵쾅쿵쾅 뛰어.,0,,,,
냉장고를 뒤져보니 반찬 조금 있더라고. 쌀 조금 있으니까 한 일주일은 버틸 수 있을 것 같애.,0,,,,
갑자기 내 건강은 왜 걱정해? 난 괜찮거든?,0,,,,
나도 생각해봤어. 지금도 고민 중이야.,0,,,,
기분이 좋아질만한 음악 좀 추천해줘봐.,0,,,,
"그러게. 잠도 좀 더 자고, 취미로 하던 외국어 공부도 다시 해야겠다.",0,,,,
내 친구 상은이는 발목을 다쳤구 다른 사람들도 좀 넘어지구 다친 것 같아.,0,,,,
기분 상하지. 연락해봤는데 지금 한 시간째 연락이 안돼.,0,,,,
거의 맨날 먹어. 일주일에 하루 이틀 빼곤 거의 술이야!,0,,,,
"너도 행동요령에 따라서 행동해 그리고 같이 있던 사람들은 괜찮아.	",0,,,,
갑자기는 아니지만 나이가 많이 들어서 노환으로 떠난거야.,0,,,,
"그렇잖아도 쉬는 시간마다 스트레칭 하고 있어 하니까 한결 낫더라.	",0,,,,
내 잘못이 크지. 난 너무 무능해. 하지만 힘을 내볼게.,0,,,,
그냥. 3년 전에 만났었는데 너무 슬프다.,0,,,,
네. 배송이 일주일 늦어서 너무 기뻐요.,0,,,,
그래. 그렇게라도 하고 싶다.,0,,,,
너무 자주 떨어지니까 이제 부모님께 말씀드리기 어려워. 집에 가서 말씀드려 봐야지. 실망하시겠지?,0,,,,
나 이번에 마라톤 경기를 했거든. 완주했어.,0,,,,
갑자기 비가 많이 와서 우리 동네가 고립됐어. 그러면서 갇히게 됐어.,0,,,,
너무 허전해. 해피가 보고 싶어.,0,,,,
나 면접 또 떨어졌어. 어떡해?,0,,,,
"권태기라고 해서 서로 시간을 갖고 있었는데, 결국 헤어졌어.",0,,,,
그래야 할 것 같아. 아무리 청소를 해두 없어지지 않으니까.,0,,,,
궁금하지? 그래서 나도 쫓아가봤지.,0,,,,
그것도 괜찮네.,0,,,,
그런 걸 듣는다면 너무너무 좋을 거 같애.,0,,,,
누구긴 회사 팀장님이지.,0,,,,
그래 그러는 게 아무래도 좋겠지?,0,,,,
그럼 어떻게 해야 기분이 좋아질까? 응? 정말 화가 나는데.,0,,,,
냄새가 너무 심해서 방향제로는 안 될 것 같은데?,0,,,,
너무 어두워. 나 무서워.,0,,,,
그 일을 시작한 게 정말 후회돼.,0,,,,
그래야 할 것 같아. 지금은 냄새가 안 빠지고 있어.,0,,,,
너무 사랑하시지. 한 일주일에 다섯 번은 넘게 드시는 거 같애. 거의 매일 드시지.,0,,,,
그저께 밤에 갑자기 쓰러지더니 어제 저세상으로 갔어.,0,,,,
계속 늦잠자고 많이 누워있으니까 점점 처지는 것 같아.,0,,,,
너의 말대로 여행을 다녀오는 것도 의미가 있을 것 같아.,0,,,,
너무 좋지! 내가 그렇게 원하던 향수거든.,0,,,,
가격이 처음 샀을 때보다 많이 빠졌어.,0,,,,
네. 드라마나 봐야겠어요.,0,,,,
그게 내가 된 거야.,0,,,,
그냥 친한 동네오빠였어.,0,,,,
너의 말대로 여행 계획을 한번 세워 볼게.,0,,,,
나도 힘들어 죽겠다.,0,,,,
권태기가 온 거 같다고 시간을 갖자고 하더라구. 그런데 새로운 여자가 생겼어.,0,,,,
나 내일 약속 가도 괜찮겠지?,0,,,,
네가 내일 날씨를 알려 줬으니까 내일 우산 가지고 나오면 비 안 맞을 거야.,0,,,,
나 요즘 허리가 너무 안 좋아.,0,,,,
그래도 해피가 순해서 별 일은 없었어.,0,,,,
나도 알아. 근데 걔들 욕먹을만 하잖아.,0,,,,
왜 그때 더 신중하지 않았을까.,0,,,,
다른 남자가 생긴 거 같아. 그래서 뻥 차인 거 같애.,0,,,,
다른 층 화장실 가는 것도 이제 무서워.,0,,,,
고마워! 짱이야 너 진짜. ,0,,,,
내일? 뭐 그냥 그저그렇지 뭐.,0,,,,
내가 바로 붙잡아가지고 다치진 않았는데 진짜 엄청 깜짝 놀랐어.,0,,,,
갑자기 나한테 영상을 소개하면 어떡해. 내 이야기 좀 들어줘.,0,,,,
"그래. 사람들 지금 뭐 부상 몇명이다 이렇게 나오는데, 나도 아프면 근처 병원에 가볼게.",0,,,,
기분 너무 좋아.,0,,,,
왜 그 친구 말을 믿었을까…,0,,,,
그런 거 같진 않고 그냥 바리케이트가 쳐져 있길래 돌아왔어.,0,,,,
그것도 믿을 수가 없어. 또 가짜 아니야? 뭔지 석연치가 않아.,0,,,,
가족한테 말한다면 난 정말 죽을거야 이제.,0,,,,
난 게임보다는 영화보는 걸 더 즐거워 해.,0,,,,
그게 좋을 것 같아. 고마워.,0,,,,
나 있잖아. 면접에서 또 떨어졌어.,0,,,,
나는 정확하게 못 봤는데 주변 사람들 말로는 싸움이 나서 그런 거래.,0,,,,
그 기회를 놓친 게 아직도 후회돼.,0,,,,
그래 그래야지. 냄새가 너무 지독해! 어떡하지?,0,,,,
"글쎄. 이번에 지원한 회사가 마지막 시즌이라, 마지막 희망이었는데.",0,,,,
너무 많이 내려가서 팔아야 할지 걱정이 되고 있어. 손해를 많이 볼 것 같아.,0,,,,
그래 나도 혹시 모르니까 일단 친구 있는 병원에 가보려구.,0,,,,
다들 바빠. 서로 자기들 일하기에 바뻐.,0,,,,
나 돈이 한 푼도 없어.,0,,,,
나몰라라 해. 나 혼자만 힘들어.,0,,,,
"갑자기 전화가 와서 헤어지자고 하더라고.	",0,,,,
그 선택이 지금까지 후회돼.,0,,,,
"그건 아는데, 내가 능력이 없는 거 같아.",0,,,,
내 친구는 다 썼어. 어떡하지?,0,,,,
노트북에 문제가 없는지 여기저기 꼼꼼하게 살펴볼게.,0,,,,
"가족들이랑 동해 바다로 가서 놀고 오기로 했는데, 비가 와서 망했어.",0,,,,
나 결국에 헤어졌어.,0,,,,
난 아빠랑 같이 놀고 싶었는데 아빠만 계속 다쳐. 너무해!,0,,,,
날씨가 좋았는지 사람들이 많이 몰려있더라고.,0,,,,
그새끼는 할 일 없으면 집에나 갈 것이지 왜 나한테만 그러는거야.,0,,,,
너의 말을 듣고보니까 약속장소를 옮겨보는 것도 좋은 방법 같아.,0,,,,
근데 그 친구도 거기 지역 사람이라. 그 친구는 전염병이 옮지 않았나 모르겠다.,0,,,,
나도 마음이 너무 허전해. 아마 해피는 좋은 곳으로 갔을거야. 너무 걱정하지 말고 나도 힘을 낼게.,0,,,,
그거 너무 좋겠다.,0,,,,
공동으로 사용하는 화장실인데 그렇게 해놓으면 남의 피해를 보는 건데 왜 그런지 모르겠어 사람들.,0,,,,
고등학교 동창이니까 안 지는 진짜 오래됐지.,0,,,,
그냥 유명한 거 몇 개 들고 있어.,0,,,,
나 룸메이트랑 싸웠어.,0,,,,
그거 너무 좋지.,0,,,,
그러고 싶은데 시간이 너무 없어.,0,,,,
그래. 약속 장소를 옮기면 괜찮겠구나. 알았어. 공원 쪽으로 사람이 별로 안 다니니까 그쪽으로 옮겨볼게.,0,,,,
계속 떨어지네? 참 걱정이야.,0,,,,
그렇게 말해줘서 너무 힘이 된다. 고마워.,0,,,,
나 면접 또 떨어졌어. 내 마지막 희망이었는데.,0,,,,
다시 작성하려면 쉴 시간도 없을 것 같아. 허 머리가 너무 복잡하다.,0,,,,
그렇겠지? 벌써 보고 싶다.,0,,,,
아니야. 힘들게 들어온 회사니까 끝까지 버텨볼 거야,0,,,,
나 영화 너무 좋아하는데 정말 고마워.,0,,,,
그런 집이면 대단히 환영이지.,0,,,,
그렇지 않아도 엄마한테 한 번 이야기해볼라고. 오늘 한 번 전화해 볼거야.,0,,,,
근데 너무 밤을 새서 그런가 피곤하네.,0,,,,
그래. 그래도 15년이면 오래 살았으니까 마음 추스리려고.,0,,,,
3년 조금 넘었어. 함께 한 시간이 너무 아깝다.,0,,,,
그럼 1시간이 아니라 한 달간 얼마나 고생했는데.,0,,,,
갑자기 아픈 건 아니고. 나이가 많이 먹었잖아. 그래서 자다가 그냥 세상을 떠난 것 같아.,0,,,,
9층에서 멈추고 이제 불도 꺼졌어. 어떡하지?,0,,,,
갑자기 쓰러지더니 응급실에서 결국은 죽었어.,0,,,,
그날 약속을 어긴 걸 후회해.,0,,,,
기분 좋게 신나는 음악을 듣는 것도 좋을 것 같아.,0,,,,
그래도 너한테 이야기하고 나니까 마음이 편해졌다. 고마워.,0,,,,
그렇게 한 게 맞는 거 같애.,0,,,,
갖고 싶었던 향수라서 기분 좋았는데 너 때문에 안좋아졌어.,0,,,,
나도 사과 받고 싶어.,0,,,,
나 이제 헤어졌어.,0,,,,
그러게 말이야.,0,,,,
"계속 카톡 해보면 다 와 간다는데, 왜 계속 안 올까? 거짓말 하는 것 같아.",0,,,,
"그랬더니, 그사람이 나한테 막 소리지르는 거야.",0,,,,
그러게. 다시 얘기해보고 또 그러면 생각해봐야겠어.,0,,,,
"그저께 갑자기 의식을 잃어서 동물 병원 응급실에 데려갔는데, 갔다 와서는 밥도 잘 먹고 조금 호전되는가 싶더니 결국 세상을 떠났어.",0,,,,
그러게 짭새들도 참 힘들겠다.,0,,,,
그런 건 다행히 없었어.,0,,,,
그래. 고마워. 한번 해보고 이야기 해줄게.,0,,,,
그러도록 할게. 고마워.,0,,,,
다들 정신 없어서 장례는 아직 생각 못 해봤네.,0,,,,
"다른 사람들은 일이 일찍 끝나서 집에 가는데 나 혼자 매번 야근해서 너무 지치고 힘들어 또 새로운 업무를 받아 오면 내가 할 수 있을지 걱정스러워.	",0,,,,
다들 상심이 커.,0,,,,
나는 열심히 준비했는데 결과가 좋지 않아서 너무 속상했어. 언젠가는 나의 노력이 인정받는 날이 왔으면 정말 좋겠어.,0,,,,
그래야할 것 같아. 냄새에 곰팡이까지 피었어. 너무 역해. 냄새가.,0,,,,
하루종일 화장실 청소만 하는 기분이야!,0,,,,
그대로 있어. 너무 더러워!,0,,,,
그래. 그거 좋은 생각이네. 다음부터는 이렇게 하지 못하게 해야되겠어.,0,,,,
그렇지 않아도 친구가 발을 삐어서 오늘 병원에 가봐야해. 그때 나도 같이 검진 받아볼게.,0,,,,
다들 억지로 사과하기 바쁘더라고. 진정성은 하나도 없었어.,0,,,,
더 열심히 하지 않은 게 후회돼요.,0,,,,
그래야겠지? 그냥 넘어갈 수가 없지.,0,,,,
다 힘들지. 누구나 그렇듯이.,0,,,,
기획안을 제출했는데 진짜 많이 혼났어.,0,,,,
그렇긴 한데 나한테만 지랄해서 그래.,0,,,,
300만 원이 넘어. 비싼 것을 투자했어.,0,,,,
그렇겠지. 내가 치우진 못했으니까.,0,,,,
나 너무 답답하다니까?,0,,,,
그러니까. 무슨 일이었을까?,0,,,,
기분 좋아질 만한 음악이 있어? 그럼 나 좀 들려주라.,0,,,,
2개월 정도 됐는데 아직도 자꾸 생각이 나.,0,,,,
누가 했는지는 모르겠는데 화장실 바닥이랑 세면대에 토를 해놓고 청소를 안 했어!,0,,,,
다른 데서 만나야겠다.,0,,,,
가끔 산책 가야겠다.,0,,,,
거진 바닥을 치고 있어. 어떻게 해야할지 속상해. 팔아야하는지.,0,,,,
나이를 많이 먹었잖아. 그래서 죽은 거 같애.,0,,,,
그런 사람 없어.,0,,,,
난 하지 않았어.,0,,,,
고딩때부터 알던 친군데 그땐 이렇게까지 더러울줄은 몰랐지!,0,,,,
갑자기 목줄을 끊고 달아나 버렸어.,0,,,,
그것도 나쁘지 않은데 나 진짜 나가고 싶었단 말이야.,0,,,,
내가 먹던 음식에서 벌레가 나왔다니까?,0,,,,
너 그런 말 못들어 봤어? 강 건너 불구경이 제일 재밌대.,0,,,,
그래야겠다. 고마워. 너 말듣고 한 번 이따가 치료 한 번 받아봐야겠어.,0,,,,
난 양식이 좋아. 양식으로 알려줘.,0,,,,
갖자고 해가지고. 근데 알고보니 새로운 사람 생겼나봐.,0,,,,
가뜩이나 나한테만 일 시키는게 수상한데 다른 얘기 돌까봐 회사에서는 얘기 못 하지.,0,,,,
계속 야근도 하고 점심에 쉬는 시간도 없이 일하고 있어. 근데 퇴근 시간까지 전화를 한다는 건 너무 심하지 않니?,0,,,,
나 약속 있어서 나와 있는데 친구가 안 와!,0,,,,
"내가 조금 치웠는데, 그래도 그대로 있어.",0,,,,
고마워. 나도 힘낼게. 너도 슬프더라도 울지 마.,0,,,,
그런 음악 있으면 빨리 추천해줘.,0,,,,
그래야겠어. 담배나 펴야지. 아유 담배도 끊어야 되는데 힘들어서 담배도 못 끊겠어.,0,,,,
그런 영상도 있어? 나 보고 싶다.,0,,,,
그래. 기분이 좋아질 만한 음악 듣고 스트레스도 풀자.,0,,,,
난 둘 다 다 좋아해.,0,,,,
그럴까 그럼. 정말 좋은 생각이야.,0,,,,
그래. 그렇게 이야기 해줘서 고맙다.,0,,,,
30분 정도 된 거 같애. 이게바로 코리안타임인가?,0,,,,
내가 이렇게 열심히 하고 있으니까 정말로 내 능력을 인정받는 날이 빨리 왔으면 좋겠어.,0,,,,
그러니까 말이야. 다들 힘든 상황인 것 같아.,0,,,,
내일 친구를 만나기로 했는데 어떤 걸 먹어야될지 고민이야.,0,,,,
그냥 맨날 그래. 근데 오면 밥을 사. 그래서 할 말이 없어.,0,,,,
걸렸는데도 기획안 다시 써오라고 하는 사람들인데. 몰래몰래 쉬면서 일할게.,0,,,,
"너한테 터질 거 같은데, 어? 니가 존나 답답해서 씨발년아.",0,,,,
그냥 사라는 것만 사서 잘 모르겠어.,0,,,,
그런데 지금은 다 내 잘못 같네.,0,,,,
너무 역겨워서 손대기도 싫어.,0,,,,
나 프로젝트 다 끝냈어.,0,,,,
결혼식을 어떻게 미루니? 하. 마스크 하고 가야겠다.,0,,,,
그렇지. 우리 집 빼고 다 물로 싸여 있어서 나갈 수가 없어.,0,,,,
나도 너무 놀랬어. 사람들 매너가 그 정도일 줄이야.,0,,,,
"기다렸거든? 지금 한시간째 내가 연락을 해도 연락도 안되고, 한두 번도 아니고 이 친구는 정말 못쓰겠어!",0,,,,
정말 예기치 못한 결과가 나왔어.,0,,,,
그래! 꼭 보여줄게. 고마워!,0,,,,
급하게 나오느라 부딪혔어.,0,,,,
나 드디어 그거 프로젝트 끝났어.,0,,,,
"그니까! 그만 두든가 해야지 진짜, 이씨!",0,,,,
"그 유기견들, 어떻게 사는지 처참한 실상을 보여주는 그런 다큐멘터리였어.",0,,,,
그 놈이 욕 먹을 짓을 한다고. 자꾸 나한테만 그러잖아.,0,,,,
"2백 만 원 정도 주고 노트북을 샀는데, 노트북이 배송이 늦어서 걱정하고 있었어.",0,,,,
그 때 처음 보고 서로 반했지.,0,,,,
그렇겠지? 좀 걱정되네.,0,,,,
개 힘들어 진짜. 이놈의 화장실은 청소를 해도 곰팡이가 사라지질 않아!,0,,,,
그리 안해도 곰곰이 이직을 생각해보고 있어. 하지만 쉽게 결정할 문제는 아니잖아.,0,,,,
내가 제 때 안버려서 그러는 거 같애.,0,,,,
그럼. 지장은 없는데 매번 이렇게 술먹고 다쳐.,0,,,,
계속 다녀야지 어떡하겠어. 회사 그만두면 먹고 살 길이 없잖아.,0,,,,
구매해야겠어. 효과가 좋은걸로 소개 좀 시켜줘.,0,,,,
너의 말대로 지금 당장 사진을 찍어놔야겠어.,0,,,,
그래. 좋은 영화 있으면 추천 좀 해줘봐. 영화 좀 보게.,0,,,,
고약한 냄새가 방향제로 없어질 수 있겠지?,0,,,,
그런 것 같아. 혼자만의 혼자 여행이라도 가고싶은데 지금 시국이 시국인지라 가지도 못하고.,0,,,,
그 사람이 그렇게 행동할 줄은 몰랐어.,0,,,,
나 망했다. 이제 어떻게 버티냐!,0,,,,
거의 매번 그러는 거 같애.,0,,,,
거의 그 정도인 것 같애. 나도 내가 너무 자랑스러워.,0,,,,
그렇게 어떻게 벌레가 나올 수 있지?,0,,,,
"그렇지. 새끼 땐 귀여우니까 키우다가, 크니까 이제 버리는거지.",0,,,,
그니까. 나도 좀 이제 코로나 제발 끝났으면 좋겠다. 그치?,0,,,,
누가 그런지 나도 궁금해. 어쩜 그렇게 비매너지?,0,,,,
다들 경황이 없어서 아직 장례까지는 생각하지 못 했어.,0,,,,
너무 힘들어서 집에도 못 들어가겠어.,0,,,,
기분 나아지기 위해서 너한테 말하는 거 아니잖아.,0,,,,
나도 나가서 쉬고 싶은데 눈치 보여서 나갈 수가 없어.,0,,,,
나 내일 약속이 있는데 지금 이 시국에 나가도 될까?,0,,,,
그렇게 심각한 분위기는 아니었어. 그런데 도중에 쫓아내더라고.,0,,,,
그게 좋을 것 같아 강남역보다는 사람들이 별로 안다니는 공원으로 한 번 바꿔볼게.,0,,,,
그런 걸까. 잘 모르겠지만 아무튼 이제는 너무 힘들다.,0,,,,
그래. 음악 좀 들어야겠어. 기분 전환 좀 해야겠어.,0,,,,
정말 믿기지 않는 일이야.,0,,,,
그런 건가? 잘 모르겠네.,0,,,,
"놀라운 건 둘째 치고, 너무 더러워서 볼 수가 없다니까?",0,,,,
나 요즘 주식 시작했는데 망했어.,0,,,,
그 애기 엄마가 와서 나한테 화를 냈어!,0,,,,
그런 음악도 있었어? 좀 들려줘.,0,,,,
놀란 건 괜찮아. 걱정하지 마.,0,,,,
"거의 그런 경우가 대부분이지만 기분이 안 좋았어.	",0,,,,
글쎄 잘 모르겠네. 또 준비해야지 되는지.,0,,,,
"그냥 오며가며 얼굴이나 알던 사이인데 남친이 먼저 만나 보자고 마음에 듣다고 그랬었지.	",0,,,,
"다른 직원들한테는 안 그러는데 나한테는 너무 많은 업무를 회사에서 주니까 힘들어서 나도 다른 직장으로 옮기고 싶어 하지만 요새 직장 구하기가 너무 힘들어서 당분간은 다녀야 할 것 같아.	",0,,,,
그냥 우연히 만난 사이였지.,0,,,,
고마워. 내가 힘들 때마다 너한테 자주 연락하고 할게.,0,,,,
나 잘 때 비가 엄청 많이 왔어. 그런데 대피 문자를 못 보고 잠만 잔 거야.,0,,,,
나 어떻게 살지? 지금 정말 망했어.,0,,,,
아마 그렇지 않았을까? 짭새가 한 명도 아니고 여러 명이 몰려 있었는데?,0,,,,
그래 너도 좋아할 거야.,0,,,,
그래. 그거라도 해야겠다. 고마워.,0,,,,
그래야지. 얼른 버려야겠어. 냄새가 너무 심해.,0,,,,
그렇다고 갈 데 없는 애를 그냥 보낼 수도 없고. 당분간은 더 지켜보고 얘기를 해봐야겠어.,0,,,,
"다른 층 화장실까지 너무 멀어서 안갈려고 했는데, 이건 어쩔 수가 없네.",0,,,,
그래. 추천해 줘. 그거 보고 기분이나 전환하게.,0,,,,
글쎄. 음악 가지고 될까?,0,,,,
그렇지 않아도 말씀드리러 가려고.,0,,,,
그렇다니까! 우리 집 빼고 죄다 물에 잠겨 있어.,0,,,,
그러니까. 나한테만 일을 시키고. 완전 다니기 싫어.,0,,,,
그래. 신나니까 음악도 듣고 충분히 좀 쉬어야겠어.,0,,,,
"글쎄, 잘 모르겠어. 한 번 다시 얘기해봐야지, 뭐.",0,,,,
그 길거리에 유기견들이 막 방치되어있는 그런 내용이었어.,0,,,,
"나도 잘 모르겠어. 이유라도 안다면 좋을텐데, 모르니까 더 슬퍼.",0,,,,
그러니까 궁금해서 몰래 갔다왔지.,0,,,,
그렇지. 요즘은 그렇게 경찰을 많이 부르기도 하는 식이지.,0,,,,
내가 깜짝 놀라서 막 달려가서 해피를 잡았기 때문에 아무일도 없었어. 정말 다행이었어.,0,,,,
나도 그러고 싶은데 당장 돈이 없어서 어떡해.,0,,,,
나쁘지 않아. 나는 괜찮아.,0,,,,
글쎄 잘 모르겠는데 약간 도난 사건 그런 거 비슷한 것 같애.,0,,,,
그래 알았어. 내가 고칠게.,0,,,,
눈치보여서 퇴근도 못 하고 있어. 다시 써오라는데 또 밤 새워야할 것 같아.,0,,,,
이게 사실이라니 믿기 어려워.,0,,,,
그러기에는 너무 일이 많다. 아휴.,0,,,,
너무 청소도 안하고 지저분해.,0,,,,
그 저번에 내가 비싸서 못 사왔던 향수 있잖아? 그거 당첨됐어!,0,,,,
그거 좋은 생각이다.,0,,,,
그렇게 생각해보려고.,0,,,,
너무 화가 나고 배신감이 느껴져. 어쩜 그럴 수가 있어?,0,,,,
다른 회사 준비해야지. 올해는 끝났는데 큰일났다.,0,,,,
가 아픈 것 같아.,0,,,,
계속 다녀야지 어쩌겠어. 지금 이직할 수 있는 회사도 마땅히 없어.,0,,,,
그러니까. 이 스트레스를 어디다 풀어야 될지 고민이야.,0,,,,
난 아직 안 가보고 같이 일하는 친구가 갔다왔대. 허리 디스크라고 그랬대.,0,,,,
근데 아직 계약기간이 남았어. 너무 슬프다.,0,,,,
"나이가 오래 돼서 하늘나라에 간거지만, 가족 모두 너무 속상하고 슬퍼.",0,,,,
"노트북을 백오십만 원짜리 구입했는데, 오늘 도착해서 기분이 너무 좋아.",0,,,,
나도 너무 피곤해서 밖에 나가서 쉬고싶은데 해야할 일이 너무 많아서 그럴 수가 없어.,0,,,,
네. 사진을 찍어서 꼭 경찰에 신고하려고 해요.,0,,,,
아니야. 일 마저 마무리 해야 돼.,0,,,,
너무 충격적이야.,0,,,,
"내가 하는 프로젝트도 잘 진행이 안 되고, 하는 일도 시원찮아. 일이 너무 바빠.",0,,,,
나 지금 약속 장소 나와있거든? 얘 아직도 안왔어.,0,,,,
나 하나 사야겠어. 어떻게 하면 돼?,0,,,,
고등학교 동창인데 그렇게 친한 사이는 아니었거든.,0,,,,
걍 그렇지 뭐.,0,,,,
"그래야지. 못살아, 걔랑은. 누구도 못 살걸?",0,,,,
너의 평점과 리뷰를 한번 믿어볼게.,0,,,,
네. 다음에 꼭 보여드릴게요.,0,,,,
나도 진지하게 생각하고 있는 중이야.,0,,,,
그래. 그렇게 말해줘서 고맙다.,0,,,,
나 면접에 또 떨어졌어. 너무 속상해.,0,,,,
그래. 보자마자 나 막 도망나왔어.,0,,,,
그저께 저녁에 갑자기 의식을 잃어서 동물병원 응급실로 데려갔어. 치료를 받으면서 좀 나아지는 것 같았는데 결국에는 세상을 떠났어.,0,,,,
너무 우울해서 그냥 혼자 걷고 있어.,0,,,,
"놀란 거보다, 너무 더러워.",0,,,,
뉴스에 나올만한 일은 아니야. 그냥 술 많이 마셨나보지 뭐.,0,,,,
내가 못나서 그런 걸 누구 탓을 해.,0,,,,
네. 그럴려고요. 친구들이랑 이제 쇼핑도 하고 술도 한 잔 할려고요.,0,,,,
"나 친구랑 약속 있어서 지금 밖에서 혼자 기다리고 있는데, 약속시간이 지났는데도 아직 친구가 안 오고 있어. 너무 짜증난다!",0,,,,
"너무나 열악하고 턱 없이 부족한 상황이야.	",0,,,,
그래 친구들과 약속도 좀 잡아서 수다도 좀 떨어볼게.,0,,,,
그런 건 없었어. 그냥 좀 지겨웠던 거 같애.,0,,,,
"눈치도 보이고, 나만 빠지면 다른 사람들이 더 힘들어질 거야. 그렇게 하기는 또 싫고.",0,,,,
내가 신경 쓰고 열심히 청소를 하는데 곰팡이가 안 없어져.,0,,,,
늦을 때마다 이야기는 해봤지. 그 때마다 고치겠다고는 했어.,0,,,,
그래. 할 일도 산더민데 뭐 내가 다 자초한 일이지 뭐.,0,,,,
내가 싫증났나봐. 갑자기 시간을 가지자고 하더라고. 근데 알고보니까 새로운 사람이 생겼더라?,0,,,,
나도 그러길 바래. 그러기 위해서는 열심히 일을 배워야지.,0,,,,
내가 버려야 되는 순간에 안 버리고 있었더니 그러는 거야.,0,,,,
나도 잘 모르겠어. 3년이나 만났는데.,0,,,,
"다른 회사에 면접을 볼 준비를 해야 하는데 잘 할 수 있을지 걱정이야.	",0,,,,
나 아직 밖이야. 집에 못 들어가고 그냥 서성이고 있어. 부모님 볼 낯이 없다.,0,,,,
"내가 엄청 쫓아다녔는데, 튕기다가 겨우 만나준 사이였지.",0,,,,
너무 실망스러워. 보기도 싫어. 어쩜 그렇게 사람들을 속일 수가 있어?,0,,,,
너무 기대가 돼.,0,,,,
그래 알겠어 보험은 생각해 봐서.,0,,,,
나 회사 엘레베이터에 갇혔어.,0,,,,
고마워. 다시 힘내서 열심히 할게.,0,,,,
같이 일하는 친구가 병원에 갔다왔는데 허리 디스크라고 그랬대. 그리고 주사를 놔줬는데 너무 아팠대.,0,,,,
그것도 재미있겠다. 그렇게 할게.,0,,,,
다들 난리가 났지. 무서워서 도망가고 소리치고.,0,,,,
노래 한번 들어보지 뭐.,0,,,,
그동안 쉬지도 못하고 1년만에 휴가를 냈거든.,0,,,,
"강남에서 보기로 했는데, 요즘 바이러스 되게 심각하잖아. 불안해진다.",0,,,,
권태기가 와서 그만 만나자 하더라.,0,,,,
나는 자느라 몰랐는데 비가 많이 왔나봐. 지금 난리 났어!,0,,,,
"권태기라고 말하는데, 바람 피고 있더라고.",0,,,,
나도 어차피 팔지도 못해. 기다려야돼.,0,,,,
귀찮아서 안 할것 같긴한데 고마워.,0,,,,
경찰들 제대로 하는 일도 없는데 짭새라고 불러도 괜찮지 않아?,0,,,,
그래. 기분 전환 좀 해야겠어. 너무 답답해.,0,,,,
그래? 그럼 나한테도 사과를 할까?,0,,,,
나 너무 우울해. 코로나 때문에에 다 망했어.,0,,,,
나도 그게 좋을 거라고 생각해. 강남역 보다는 사람이 적게 다니는 공원이나 이런 곳이 더 나을 것 같아.,0,,,,
그래서 걱정이야. 그렇지만 갈 데 없는 애를 내보낼수도 없고. 조금만 더 이야기를 하고 지켜봐야지.,0,,,,
내일까지 다시 작성해야 해서 오늘도 밤 새워야할 것 같아.,0,,,,
"그래, 알겠어.",0,,,,
곰팡이 제거제를 사용해봤는데도 없어지지를 않아.,0,,,,
그러네. 아직 건강해서 그나마 다행이다.,0,,,,
나쁜 사람들이야.,0,,,,
그건 아니고. 그냥 내 개인적인 어떤 목표를 달성했다 이거지.,0,,,,
나 아까 강아지 산책시키다가 깜짝 놀랐어.,0,,,,
그래요. 사야겠어요.,0,,,,
나는 친구랑 분위기 있게 양식을 먹고 싶어.,0,,,,
그러니까. 이거 말도 안 되지 않아?,0,,,,
고마워. 아 이제 다시는 애완견 못 키울 거 같애.,0,,,,
그러니까. 아니 밤에 일을 시키면 그걸 어떻게 하라는 거야. 내일 얘기하면 되잖아. 나 퇴근했는데 왜 얘기해?,0,,,,
걔네들도 나랑 비슷한 처지야.,0,,,,
그래. 다시 한 번 얘기해봐야겠다.,0,,,,
너무 힘들어. 회사에 사람이 나밖에 없는 것도 아닌데 나한테만 일을 시켜.,0,,,,
넘어지면서 다행히 머리는 안 다쳤어. 하지만 허리를 다쳐서 당분간 병원에서 허리 치료를 받아야 해.,0,,,,
"그저께 밤에 밥 먹다가 갑자기 의식을 잃더라고 동물 병원에 입원 시켰는데 괜찮아지는가 싶더니 갑자기 어젯밤에 세상을 떠났어.	",0,,,,
그러니까. 얼른 버려야겠어. 냄새가 너무 나고 있어.,0,,,,
그런 건 아니야. 하지만 왜 몰려왔는지 궁금해 죽겠어!,0,,,,
난 잘하는 게 없나 봐.,0,,,,
그냥 둘다 알려주면 안 될까?,0,,,,
나도 자세히는 못봤는데 사고났나봐.,0,,,,
권태기래. 잠깐 시간 갖자더니 금방 헤어지자고 연락이 온 거야.,0,,,,
그랬었나봐. 나는 잘 모르겠네.,0,,,,
내가 보고 좀 치워볼까라고 생각을 해봤는데 안되겠더라고. 내가 토하겠어.,0,,,,
고마워 이모카.,0,,,,
그렇게 행동하면서 무슨 상사 취급을 바래.,0,,,,
갑자기 밥 먹다가 쓰러지는 거야. 응급실로 데려갔더니 의사선생님이 마음의 준비를 하라고 하더라고.,0,,,,
내일부터라도 당장 이직 준비를 해야겠어.,0,,,,
권태기였나봐. 맨날 싸우고.,0,,,,
그저께 아파해서 병원을 갔는데 괜찮아지나 싶더니 결국엔 이렇게 됐네.,0,,,,
너가 아직 많이 멍청하구나. 어. 넌 아직 인공지능이라고 할 수 없어.,0,,,,
그래 알았어. 받으면 보여줄게.,0,,,,
늦을 때마다 항상 얘기는 해 왔지 그래도 또 똑같이 지는데 뭐라고 해야 될지 모르겠어 이제는.,0,,,,
나 너무 무서워. 혼자 갇힌 것 같아.,0,,,,
그저께 밤부터 계속 시름시름 앓더라고. 그러더니 어제 끝내 눈을 감았어.,0,,,,
니가 그렇게 말하는게 나도 기분이 나빠. 날 그냥 위로해주면 돼.,0,,,,
내 기록보다 훨씬 갱신해서 기분이 좋아.,0,,,,
나이가 많아서 계속 아팠어.,0,,,,
놀랐어. 문 열었더니 바로 보이니까.,0,,,,
"글쎄 한번 진지하게 말해 보고 그래도 안 되면 따로 살아야지 뭐.	",0,,,,
걔도 나도 청소를 안해.,0,,,,
그래. 내 입만 더러워질 뿐이지.,0,,,,
그래도 좀 음. 나는 기분 좋아지는 거 같은데?,0,,,,
그렇다면 한 번 사용해보고 싶어.,0,,,,
"남자 친구가 전화해서 새로운 여자친구가 생겼다고, 헤어지자고 통보했어.",0,,,,
5분만 더 기다리고 안 오면 그냥 갈려고. 그리곤 다신 안 만날거야!,0,,,,
"강남 쪽에 친구랑 내일 약속한 약속 있는데 요즘 바이러스가 막 터지고 있잖아 그래서 나 너무 무서워 나갈까 말까?	",0,,,,
그냥. 어쩌다보니까 알게 된 사람. 오랜 시간을 만났는데 그냥 떠난 사람.,0,,,,
니가 내 상황이 돼 봤어? 얼마나 짜증나는데!,0,,,,
그래. 다음부터 이런 일이 없도록 하기 위해서 해야 되겠어.,0,,,,
다른 사람들도 많이 다쳤어.,0,,,,
너무 일이 많고 힘들어서 털어놓을 시간조차 없어. 힘낼게,0,,,,
"그 정도는 아닌데, 술이 문제지.",0,,,,
고등학교 동창이었어. 그때는 이런 줄 몰랐지.,0,,,,
그런가. 되는 게 하나도 없어.,0,,,,
내가 엉망으로 해서 혼난 거라 할 말도 없어.,0,,,,
그것도 모르고 우리들은 그 제품 샀잖아!,0,,,,
가족들 모두 포기야. 아무리 얘기를 해도 듣질 않으셔.,0,,,,
그런게 있으면 빨리 알려줘. 우울해 죽겠다고.,0,,,,
그래 알았어. 꼭 얘기할 테니까 들어줘야 해.,0,,,,
기다린 지 한 시간이 넘었는데 연락도 없고 오지도 않아.,0,,,,
네. 추천할만한거 있으면 부탁드려요.,0,,,,
다른 여자가 생겼대. 나쁜 놈.,0,,,,
너무 놀랬어. 진짜 매너 꽝이지?,0,,,,
내가 음식물 쓰레기를 쓰레기통에 버려서 생긴 일이니까. 힘들어도 청소를 해야지.,0,,,,
계속 말도 안 되는 상황이 생기고 그래서 이직을 고려 중이야.,0,,,,
그게 쉬운 게 아니잖아! 아. 너무 힘들다.,0,,,,
"그저께 저녁에 갑자기 의식을 잃어서 동물병원 응급실로 데려갔어. 치료를 받으면서 나아지는 것 같았는데, 결국에 하늘나라로 갔어.",0,,,,
넌 어떻게 본 거처럼 얘기를 하니?,0,,,,
내일 하기로 했어.,0,,,,
나도 좋은 곳으로 갔을 것 같아. 우리한테 정말 행복을 주는 아이였잖아.,0,,,,
"권태기가 왔다고 변명하더니 새로운 남자 만나고 있더라고. 너무 화가 났지만, 그냥 모른척 했어.",0,,,,
갑자기 쾅 하더니 멈춰버렸어.,0,,,,
그렇기는 해. 하지만 내가 잘못한 건데 뭐.,0,,,,
갑자기 그랬어 갑자기. 병원에 갔었는데 나이도 있고 해서 가망이 없대 지금.,0,,,,
아니요 그 정도는 아닌데요.,0,,,,
그러니깐! 같이 먹던 사람들 난리 났었어.,0,,,,
갑자기 병에 걸렸나봐. 너무 슬퍼.,0,,,,
그 문제 때문에 부모님이 많이 다투시지. 아 근데 이제 포기야 포기. 거의 뭐 말을 안들으시니까.,0,,,,
곰팡이 제거제를 써도 똑같애. 아무리 청소를 해도 없어지질 않아.,0,,,,
"그러게. 어제도 감기기운 있는데 밤샌거라. 나도 지금 너무 피곤한데, 이거 마무리 해야 퇴근할 수 있을 거 같애.",0,,,,
곰팡이 제거제도 있었어? 그럼 사야지.,0,,,,
그래야할 것 같아. 냄새가 너무 역해.,0,,,,
그만하자. 우리 싸울 거 같다.,0,,,,
그래도 학교 끝날때까지는 같이 있어야 되겠지.,0,,,,
경기도에 있는 유기견 보호소였는데 아이들의 생활이 너무 처참했어.,0,,,,
놀래셨지. 아무래도 해피가 대형견이니까 다들 무서우셨을거야.,0,,,,
그렇구나. 지금 처음 알았네.,0,,,,
"그래야겠다 아주 중국집에 전화해서 갖고 가라 할 거야 아 나 진짜.	",0,,,,
내가 더 열심히 해야지.,0,,,,
그 얼굴 표정은 뭐야! 당장에 묶어서 버렸다고.,0,,,,
너의 말대로 시간이 되면 여행 계획도 세우고 올게.,0,,,,
그저께 저녁에 갑자기 의식을 잃어서 동물병원 응급실로 데려갔어. 치료를 받으면서 좀 회복되는 것 같았는데. 결국에 세상을 떠났어.,0,,,,
나 어제 헤어졌어.,0,,,,
그래. 언젠간 오르지 않을까? 그래도 유명한 기업인데?,0,,,,
너무 좋았어,0,,,,
그렇긴 한데. 상사가 나한테만 일 시키고 짜증나게 하잖아.,0,,,,
그냥 잘 사귀다가 갑자기 권태기가 와서 헤어지게 됐어.,0,,,,
고마워. 이제 다시는 못 키우겠지? 너무 슬프다.,0,,,,
"네, 부탁드려요 기분이 좀 그러네요.	",0,,,,
그러니까 말이야. 유독 나한테만 그래가지구 문제야.,0,,,,
"그러고 싶지만, 바빠서. 안 할 수가 없어. 실수한 것도 처리해야되고.",0,,,,
그럼 내가 어떻게 해야 될까?,0,,,,
"너의 말대로 약속 장소를 옮겨 보는 것도 좋은 방법 같아.	",0,,,,
나 혼자 집 안에 갇힌 것 같아. 무서워.,0,,,,
난 아무래도 영화를 보는 게 나을 것 같아. 내가 좋아하기도 하고.,0,,,,
그래. 그렇게 하는 게 좋을 것 같다. 방향제 빨리 찾아와야겠어.,0,,,,
그래. 친구도 만나고 수다도 떨고 맛있는 것도 먹고 그래야겠어.,0,,,,
그때 그 말을 하지 말 걸 그랬어요.,0,,,,
가까이 가서 못 봤는데 그런 건 아닌 것 같앴는데.,0,,,,
그냥 뭐 이것저것 하고있어.,0,,,,
난 양식을 좋아해.,0,,,,
계속 의자에만 앉아 있으니까 허리가 더 아프다. 병원에 가 봐야겠지?,0,,,,
다시 하라고 해서 그거 끝내고 가야할 거 같애.,0,,,,
그래 알겠어. 고마워!,0,,,,
나는 괜찮아. 걱정해줘서 고마워.,0,,,,
고마워. 니가 위로해줘서 조금은 힘이 나.,0,,,,
다른 회사 갈 만한 곳이 없어. 내년에 다시 준비해야 할 것 같아.,0,,,,
니가 말해주는 걸로 구매할게.,0,,,,
냉장고를 찾아보니 반찬은 조금 있어 하지만 쌀이 없어.,0,,,,
그렇지. 한 달 간 정말 고생 많았어.,0,,,,
그러니까 나도 정말 그만두고 싶다.,0,,,,
내가 겨우겨우 치웠지.,0,,,,
괜찮은데 아직도 조금 무서워.,0,,,,
너무 슬퍼. 나도 해피따라 가고싶어.,0,,,,
그때 왜 그렇게 행동했을까요?,0,,,,
내가 지금 생각하고 있는 만화가 있는데 노트북으로 만화를 그릴거야. 너무 기대가 돼!,0,,,,
그 동안 너무 바빠서 일 년 만에 휴가를 낸 거거든.,0,,,,
"관리하시는 분 아까 퇴근하셨대.	",0,,,,
그래야겠어. 이렇게 넘어갈 수는 없어.,0,,,,
너무 오래 앉아 있어서 허리디스크인거 같아.,0,,,,
"나 내일 친구랑 약속 있는데 그대로 가도 될까?	",0,,,,
경찰들 고생했어. 잘 돼야 될텐데.,0,,,,
어떻게 그 사람이 여기 있을 수 있는 거야?,0,,,,
그러니까 진짜 깜짝놀랬어.,0,,,,
그냥 이 일이 나랑 맞는지 모르겠어.,0,,,,
괜찮으셔. 하지만 병원에 며칠 계셔야 한대.,0,,,,
그러기엔 너무 늦었어.,0,,,,
놀란 것보다 냄새나서 진짜 짜증난다.,0,,,,
나 너무나 우울해.,0,,,,
갑자기 권태기가 왔는지 서로 시간을 갖자는 거야. 그러더니 헤어지자고 통보가 오더라고.,0,,,,
정말 화나 죽겠어!,0,,,,
그래 너의 말대로 음악이나 들으면서 기분 풀어야겠다. 나는 발라드가 좋아.,0,,,,
글쎄. 내 친구가 주식으로 큰 돈을 벌었다지 뭐야?,0,,,,
난 할 말도 없고 이제 무슨 말을 해야할까?,0,,,,
난 잘 맞았다고 생각했는데 아니였나봐.,0,,,,
기획안을 처음부터 다시 하려면 시간이 부족해. 쉴 시간이 없어.,0,,,,
그렇지. 또 처음부터 다시 해야지.,0,,,,
강아지들이 밥도 못 먹고 병에 걸려서 그렇게 있더라고!,0,,,,
"고등학교 때 친한 친구였는데, 이러다 멀어질 거 같아.",0,,,,
그거 써도 안없어지던데.,0,,,,
다른 여자가 있었나봐. 그동안 날 속였던 거 같아.,0,,,,
그래. 언제 한번 말씀드려 봐야겠어.,0,,,,
냄새가 너무 심해서 방향제로 안될 수도 있어.,0,,,,
그저께 저녁에 갑자기 의식을 잃어서 동물 병원 응급실로 데려가서 치료를 받았어. 치료를 받으면서 좀 나아지는 거 같았는데 결국에는 하늘 나라로 갔어.,0,,,,
난 비가 오는 줄도 모르고 잠만 잤지. 그렇게 많이 올 줄 누가 알았겠어.,0,,,,
그러게. 잘 해결됐으면 좋겠다.,0,,,,
그래. 나 친구들도 만나야 될 것 같애.,0,,,,
내 친구가 다리를 조금 다치긴 했어. 발목이라고 말하는게 맞나?,0,,,,
다른 회사도 준비를 하고 있긴 했었는데 많이 못해서 다음주에 시험을 어떻게 봐야 할지 걱정이야.,0,,,,
다들 자기들 일하기에만 바빠. 내 얘기는 들어 주지 않아.,0,,,,
1학년 때 동아리에서 만났었었지.,0,,,,
니가 책임질 건 없지.,0,,,,
그러니까. 나도 답답해 죽겠어.,0,,,,
내 휴가 정말 끝났어 이제.,0,,,,
그런가? 난 기분이 좀 풀리는 것 같은데.,0,,,,
관리하시는 분께 가서 화장실 좀 치워달라고 말씀드려야겠어.,0,,,,
고등학교 동창이었어. 3년 내내 같이 붙어다녔어. 그 정도로 친했었다고.,0,,,,
근데 친구들도 바빠서 만나줄랑가 모르겠네.,0,,,,
나 짭새가 몰려 있길래 구경 갔다 왔어.,0,,,,
나 여섯시부터 기다렸어! 얘 연락도 안 받아!,0,,,,
너무 지저분해. 청소를 안해!,0,,,,
가족들도 어제 저녁에 정말 다 놀랬어. 그리고 지금은 많이 슬퍼하시지.,0,,,,
아니야. 어떻게 그래.,0,,,,
나만 싫어하는 거 같애.,0,,,,
가서 따져 물어볼까?,0,,,,
다른 직원들한테는 친절하게 하면서 나한테만 짜증 내고 화를 내니까 너무 어이가 없고 화가 나서 그래.,0,,,,
나 우울해.,0,,,,
그런 거 같진 않아. 금방 가더라고.,0,,,,
그러니까 밖에 나가서 활동해야 한다고. 너무 힘들어.,0,,,,
권태기가 왔다고 잠깐 시간을 갖자고 했거든? 근데 알고 보니까 새로운 사람이 생긴 거야.,0,,,,
갑자기 줄이 끊어졌어. 그래서 해피가 뛰어나갔어.,0,,,,
그래 그거 좋은 생각이다.,0,,,,
계약 기간이 남아 있어서 따로 살 수가 없어. 이렇게 점점 더 사이가 안 좋아지는데 어떡하지?,0,,,,
기회를 놓친 게 너무 후회돼요.,0,,,,
계속 다녀야지. 계약직 여직원은 늘 이런 식인 것 같아.,0,,,,
그때 왜 그렇게 행동했을까.,0,,,,
그랬음 좋겠다. 다시 일하러 가야겠다.,0,,,,
그래야겠다. 내가 관리하시는 분께 말씀드리고 올게.,0,,,,
그래. 너의 말대로 푹 쉬고 여행 가는 것도 괜찮을 것 같아.,0,,,,
너라도 있어서 다행이야.,0,,,,
어떻게 이런 일이 가능하지?,0,,,,
기분이 너무 좋지. 너무 큰 보람을 느꼈어.,0,,,,
그래도 이겨내야지. 너무 슬프긴 하다.,0,,,,
너무 허전해. 아직도 해피가 내 옆에 있는 것만 같아.,0,,,,
"감기 때문에 너무 힘든데도 기획안 제출하려고 밤 샜는데, 오늘 잘못 된 부분만 지적당하고. 너무 스트레스 받는다.",0,,,,
그거는 아닌 것 같아.,0,,,,
그거 좋은 생각인데?,0,,,,
그렇지 않아도 오늘 연차를 냈어. 친구 데리고 병원 갔다와야해.,0,,,,
3년동안 사겼는데 권태기인 것 같아서 헤어지자고 했다? 근데 진짜 헤어지자는 거야.,0,,,,
다른 층에 사람들이 지금 몰려갖고 복잡하대.,0,,,,
다른 층은 사람들이 눈치보여서 못가겠어.,0,,,,
냉장고에 엄마가 준 반찬 몇 개만 있어.,0,,,,
너랑 이야기가 안 통해. 답답해.,0,,,,
다른 회사에 면접 볼 준비를 하고 있었는데 이번 면접 공부를 하느라고 준비를 많이 못했어. 잘 볼 수 있을지 걱정이야.,0,,,,
2만원 뿐이야. 어떡하지?,0,,,,
200만원짜리 노트북을 구입했는데 늦게 와서 걱정하고 있었어. 오늘 도착해서 너무 기뻐.,0,,,,
그 사람을 믿지 말았어야 했어.,0,,,,
나 너무 우울하다.,0,,,,
그래 알겠어. 고맙다.,0,,,,
"그러게. 아휴, 너무 힘들다.",0,,,,
그럼. 완전히 끝났지. 한달간 고생 많았어.,0,,,,
난 삼성계열 주식을 들고 있어.,0,,,,
나 허리가 아픈 것 같아.,0,,,,
그래서 지금 화가 나는 상황이라구.,0,,,,
그 누구 누가 화장실에다 토하고 안 치우고 가 버렸어.,0,,,,
나도 잘 모르겠어. 왜 몰려있는지.,0,,,,
그래. 그거라도 보면서 기분전환 해야겠다.,0,,,,
너무 무서워. 어떻게 행동해야 되는지는 뉴스에서나 인터넷에서 많이 봤었거든? 근데 막상 그일이 일어나니까 머리가 새하얗게 변하면서 아무것도 생각이 안나더라고.,0,,,,
같이 사는 집에서 청소를 너무 안해. 청소는 나 혼자 하는 기분이야. 음식물 쓰레기도 안 버리고 아후 정말 짜증나.,0,,,,
나도 그냥 오를 때까지 천천히 한번 기다려보려구.,0,,,,
가끔씩 10분 20분 이렇게 늦긴 했었는데 이렇게 한시간동안 늦은 적은 없었어. 그래도 약속은 잘 안지키는 편이야.,0,,,,
"너무 화가 나고 어이가 없는데, 내 기분을 전환해줄 수 있는 영상이 있어?",0,,,,
나는 발라드를 너무 좋아해.,0,,,,
너무 걱정이 돼. 나도 아프면은 바로 병원 갈테니까 고맙다.,0,,,,
그 친구도 잘 알아. 자기가 자꾸 늦는 습관.,0,,,,
나만의 시간을 가져보면 우울한 마음이 좀 줄어들까?,0,,,,
나는 괜찮은데 해피가 차에 치일 뻔했어.,0,,,,
그래야지. 냄새가 안 빠질 것 같아. 오래 가겠어.,0,,,,
그래. 다른 장소로 옮겨봐야겠다. 고마워.,0,,,,
나 드디어 공역 프로젝트 끝났다.,0,,,,
내가 꼼꼼하게 못해서 그런건데 뭘.,0,,,,
늦지말라고 잔소리하지. 근데 한시간은 좀 너무했다.,0,,,,
날 위해서 노래와 영화까지 찾아주고 정말 고마워!,0,,,,
그럼 좋겠는데 내일까지 다시 써야해서 지금도 얼른 일해야돼.,0,,,,
나는 좀 같이 안 사는 게 좋을 것 같긴 한데 모르겠네.,0,,,,
"나랑 같이 사는 룸메가 있는데, 걔랑 너무 자주 싸운다 진짜.",0,,,,
나 만날 때는 항상 한 시간씩 늦어. 그래서 내가 일부러 약속 시간을 바꾸기도 하거든. 일찍 나오게 하려구.,0,,,,
그러니까. 어? 새로 생긴 음식점에서 어떻게 그럴 수가 있냐고!,0,,,,
그걸 알려나.,0,,,,
내 휴가가 엉망진창이 되었어. 어떡할거야.,0,,,,
권태기라는데 다른 여자가 생긴 것 같아.,0,,,,
"그건 아는데, 내가 좀 신경 썼어야 됐는데.",0,,,,
걔가 나 싫은가 봐.,0,,,,
그래. 제대로 된 조치가 없으면 나 인터넷에 올릴 거야!,0,,,,
그래. 좋은 곳으로 갔겠지. 힘내야겠다 나도. 고마워.,0,,,,
난 양식이 너무 좋아.,0,,,,
그러고싶은데 요즘에 일자리도 없잖아. 취직하기도 힘들고. ,0,,,,
그러니까. 요즘 다 힘들지. 경찰도 일하기 힘들고 나도 일하는거 힘들고.,0,,,,
내가 왜 그걸 하지 말았어야 했는데.,0,,,,
과장님한테 한번 이야기한 적은 있는데 그냥 힘내라고만 하지 별로 위로가 안돼.,0,,,,
그래. 그것도 좋은 방법인데 지금 당장 갈 곳은 없어.,0,,,,
그거 그런 거 때문에 진짜 필요한 순간에 쓰이지 못할 때가 많지.,0,,,,
꽤 큰 일인 거 같아. 구급차도 많이 있고 사람들도 많이 몰려 있어.,0,,,,
그지. 다 먹고 살기 힘들지. 아휴. 나도 똑같아. ,0,,,,
"나도 그럴 생각이야 이대로 놔뒀다가 피해 보는 건 나밖에 없을 것 같아.	",0,,,,
계속 다니기는 해야 하는데 일이 너무 많은 것 같아.,0,,,,
그래도 너라도 그렇게 얘기해주니까 고맙다. 좀 힘이 났어. 고마워.,0,,,,
나는 괜찮았는데 친구가 많이 다쳤어.,0,,,,
그니까. 으. 청소 아주머니가 치우신 거 같애.,0,,,,
그것도 심각하게 고려중이야.,0,,,,
곰팡이 제거제 괜찮은 거야? 한 번 써볼까?,0,,,,
그러니까. 좀 쉬어야겠어.,0,,,,
다들 반려견이 귀여울 때는 정말 좋아하고는 나중에 더 크니까 버리더라.,0,,,,
그분한테 말씀드리기도 너무 죄송해. 너무 더럽거든.,0,,,,
너무 마음에 들지! 내가 비싸서 못 샀던 거야.,0,,,,
그래. 네가 대신 일을 해줄 수 없지만 위로 받을 수 있어서 다행이다.,0,,,,
그래. 장소를 옮겨보는 게 좋은 것 같애. 강남역에서 근처 공원으로 좀 옮겨볼게.,0,,,,
"그것도 써보고 여러가지를 해봤는데, 도대체 또 나오고 또 나오고 어쩔 수가 없어.",0,,,,
"나도 내 노력을 인정받는 날이 빨리 왔으면 좋겠어.	",0,,,,
그러고 싶은데 일이 바빠서 그런 시간을 가질 수 있을 지 모르겠어.,0,,,,
나 소개팅에서 만난 사이지. 너무 속상하다. 권태기가 왔다니 믿을 수가 없어.,0,,,,
너한테는 꼭 얘기할게.,0,,,,
그래. 나한테 공감해주는 사람 너밖에 없어.,0,,,,
괜찮아. 다음번엔 절대로 그렇게 하지 않을 거야.,0,,,,
고생이지. 한 30분 기다린 거 같애.,0,,,,
나 노트북 산 거 왔어. 빨리 뜯어 봐야지!,0,,,,
그저께 밤에 갑자기 의식을 잃더라고. 그러더니 어제 눈을 못 떴어.,0,,,,
내 몸은 괜찮아. 다친 덴 없어. 그리고 우리 집까진 아직 들어오지 않았어.,0,,,,
그래. 음악 좀 들으면서 편하게 쉬어야겠어.,0,,,,
그냥 밖이야. 근데 어디로 가야될지 몰라가지고.,0,,,,
"너무 가지고 싶었던 거였는데, 당첨돼서 기분이 정말 좋아.",0,,,,
그렇겠지? 위로해줘서 고마워.,0,,,,
"글쎄, 내가 좋아하는 유튜버가 뒷광고를 했다고 시청자들한테 사과하는 영상을 올렸어.",0,,,,
나도 잘 모르겠어. 잘 운영되고 있겠지.,0,,,,
"그런 건 없었는데, 다른 여자 생긴 거 같아.",0,,,,
기다린지 한 시간이 넘었는데 올 생각을 안 해.,0,,,,
거기 안에 음식물 쓰레기가 있었는데 그게 엄청 상했어. 아.,0,,,,
그저께 저녁에 갑자기 의식을 잃어서 동물병원 응급실로 데려갔어. 치료를 받으면서 좀 나아지는 것 같았는데.결국에는 하늘나라로 갔어.,0,,,,
괜찮아. 안 마셔도 돼.,0,,,,
경찰 분들도 힘드실 거야.,0,,,,
그 친구한테 다시 한 번 정중하게 물어봐야겠다. 서로를 위해 좋은거니까. 그치?,0,,,,
고마워. 그래도 내 잘못이 있으니까 혼났겠지. 내 잘못이 없었으면 혼나지도 않았을거야.,0,,,,
그래. 지금처럼 들어줘서 고마워. 너 땜에 속이 좀 풀리는 거 같애.,0,,,,
그래. 회사 다닌지 얼마 안됐으니까 아직은 열심히 하면 될 거야.,0,,,,
고마워. 앞으로 나도 주의해야겠다.,0,,,,
"다른 회사도 준비하고 있었는데, 이번 면접에 꼭 붙을 거 같아서 준비를 많이 못 했어. 어떻게 해야 할지 걱정이야.",0,,,,
그렇지 않아도 말씀드렸어. 금방 치워주시겠지.,0,,,,
"그래. 너한테는 얘기할게. 걱정해줘서 고마워, 친구야.",0,,,,
그러면 속이 더 안 좋아질 것 같아. 그냥 빨리 씻고 나가야겠다.,0,,,,
그 애가 너무 더러워. 청소를 아예 안해.,0,,,,
그렇게 많이 싸우는 편은 아니었어.,0,,,,
그렇게 심하게 흔들린 건 아니라서.,0,,,,
관리하시는 분께 말씀드리고 다른 층으로 가자.,0,,,,
그러니까. 다음부터는 이런 일이 발생하지 않았으면 좋겠어.,0,,,,
그래. 그래야겠지? 마음을 좀 진정시켜야 되겠어.,0,,,,
내 자신이 너무 한심해서 잠깐 산책하고 있어.,0,,,,
내가 잘못 말했다. 미안.,0,,,,
나 향수. 써보고 싶던건데 개꿀.,0,,,,
나도 뭐 똑같이 바쁘지.,0,,,,
나 갇히게 된 거 같아. 어떻게 해?,0,,,,
내가 이 돈 받자고 이 회사에서 계속 일해야하나 싶다.,0,,,,
너무 놀래서 병원 갔다 올려고. 이만하길 다행인 거 같아.,0,,,,
그럼! 주변 사람들한테 이벤트 당첨되서 선물을 받았다고 자랑했지!,0,,,,
나 요즘 룸메랑 너무 싸워.,0,,,,
기숙사 화장실에 누가 토해놓고 치우지도 않고 그냥 가버렸어.,0,,,,
나이가 많았으니까 갑자기 아파서 병원을 갔어.,0,,,,
3개월 된 강아지를 길에 버리더라고!,0,,,,
나 혼자 말한건데 뭔상관?,0,,,,
너무 욕심부렸던 거 같아. 손절도 중요하니까 이제 그만하는 것도 좋을 것 같아.,0,,,,
나 차였어.,0,,,,
기분 좋아질 수 있으면 그런 노래 좀 추천해줘.,0,,,,
나 드디어 오랜 프로젝트가 끝났어!,0,,,,
"가족들이 말려도 그 날뿐이고, 결국에는 또 술 드시고 들어오셔.",0,,,,
나도 그렇게 생각하지만 이 허전함은 어쩔 수가 없네.,0,,,,
걱정해줘서 고마워. 정밀검진받아볼게.,0,,,,
그래. 힘들 때마다 항상 들어줘서 정말 고마워.,0,,,,
그래야겠지 일단은 나도 씻고 나가야 되니깐.,0,,,,
그러기도 하고 집이 너무 오래 됐어. 옛날 집이라 습해.,0,,,,
너무 죄송해서 말씀 못드렸어.,0,,,,
"계속 집에만 있다 보니까 많이 무기력해진 거 같아.	",0,,,,
그 사람한테 다른 여자 생겼나 봐.,0,,,,
내가 마라톤 대회에 출전했잖아. 그런데 내 기록이 엄청 단축 됐더라고?,0,,,,
"기다리기 너무 힘들어서 전화를 해봤는데, 친구가 전화를 안 받아.",0,,,,
너가 뭘 알겠어. 요즘 그래서 기운이 없네.,0,,,,
"다들 정신이 없는 상태야 15년을 동고동락을 했던 가족이나 마찬가지잖아 그러니 다들 마음이 편치 않지.	",0,,,,
그러네. 그냥 그러네.,0,,,,
가족들한테 말하기가 너무 창피해.,0,,,,
"그러게나 말이야 벌써 기다린지 1시간째야.	",0,,,,
그래. 얼른 버려야겠어. 냄새도 심하고.,0,,,,
내 편 들어줘서 고마워. 많은 위로가 된다.,0,,,,
권태기가 왔다더니 지나고 생각해보니까 다른 여자가 생긴 거 같아.,0,,,,
나 너무 자주 싸우게 돼.,0,,,,
가족들도 지금 너무 화가 나 있어.,0,,,,
나한테 시간을 갖자고 하더라.,0,,,,
나는 그래도 환기 해.,0,,,,
다른 층에 사람들이 몰려서 화장실을 가려면 기달려야 해.,0,,,,
이렇게 큰 변화가 올 줄은 상상도 못했어.,0,,,,
너무 무서워. 어떡해야될지 모르겠어.,0,,,,
누가 모르냐?,0,,,,
"그래 다음에 한번 보면은 내가 향수 뿌리고 나가 볼게.	",0,,,,
나 기도 많이 해주려고. 좋은 곳 가라고. 나중에 꼭 만날거야.,0,,,,
나 갇히게 된 거 같아서 너무 무서워!,0,,,,
다시 집 구하기 너무 힘들 것 같아.,0,,,,
그렇지. 진짜 못된 사람 너무 많은 거 같아.,0,,,,
난 왜 이렇게 잘하는 게 없니?,0,,,,
그랬던 거 같애. 사소한거에 화내고. 너무 속상했어.,0,,,,
정말 예상치 못한 결과야.,0,,,,
그래. 일단 머리도 식힐 겸 바람이나 좀 쐬야겠다.,0,,,,
네. 너무 마음에 들어요. 행복해요.,0,,,,
나도 잘 모르겠어. 크게 싸운 적은 없었는데.,0,,,,
긍정적으로 말해줘서 고마워.,0,,,,
"내가 지금 노트북을 여기 저기 살펴봤는데 이상한 곳이 하나도 없고, 작동이 너무나 잘 돼.",0,,,,
고마워. 너한테 꼭 얘기할게. 이제 마음이 좀 편해진다.,0,,,,
그렇겠지? 시간이 해결해주겠지?,0,,,,
누군지 모르겠지만 바닥이 난리가 아니야. 너무 드러워!,0,,,,
거의 선수급이래.,0,,,,
어떻게 이런 일이 벌어졌는지 설명해줄래?,0,,,,
이게 가능하다고?,0,,,,
다들 힘들다고 해. 나만 징징댈 수가 없어.,0,,,,
그래. 조금만 더 지켜보자. 그게 좋겠다.,0,,,,
그 일을 시작한 게 후회돼요.,0,,,,
곰팡이제가 과연 효과가 있대?,0,,,,
계속 내려가고만 있지. 계속 손해만 봐.,0,,,,
그렇다니깐. 우리 집 빼고 죄다 물에 잠겨있다고!,0,,,,
냉장고에 반찬 몇 개밖에 없어.,0,,,,
괜찮아. 지금 집에 가는 버스 안에서 연락한 거야.,0,,,,
너무 힘들어. 나한테만 이러고.,0,,,,
놀란 건 많이 진정됐는데. 또 천둥 칠까봐 무서워.,0,,,,
괜찮아. 뭐 한두 번도 아닌데. 그냥 먹지 뭐.,0,,,,
그래야겠지? 다시는 다른 소리 하지 못하도록?,0,,,,
그것도 좋은 생각이네.,0,,,,
그러니깐. 나도 제품 하나 샀잖아.,0,,,,
그래 알겠어. 너 말대로 해볼게.,0,,,,
내일까진 어떻게든 버티겠는데 그 다음부터가 문제야.,0,,,,
그렇겠지? 마지막으로 한 번만 얼굴 꼭 보고 싶다.,0,,,,
괜찮아. 물어봐줘서 고마워.,0,,,,
그래야 할 것 같아. 너무 피곤해.,0,,,,
너무 화가 나! 진짜 우리 회사 왜 그러니? 못 다니겠어!,0,,,,
그래. 시간이 되면 그러는게 좋겠다. 근데 지금 시간이 없어.,0,,,,
그 사람한테 고백하지 않은 게 후회돼.,0,,,,
기획안을 끝내야 하니깐 야근까지 해야할 수도 있어.,0,,,,
내가 못나서 그런건데 누굴 원망하겠어.,0,,,,
그래야겠다. 너무 무서워서 나가기 찝찝하니까.,0,,,,
그러게 말이야. 모든 사건이 발생하게 되면 경찰관들이 출동을 하니까.,0,,,,
그 일을 맡은 게 정말 아쉬워요.,0,,,,
그렇겠지? 나 너무 슬퍼.,0,,,,
그냥 모임때나 만나는 가벼운 친구사이였어.,0,,,,
곰팡이 제거제로 오늘 청소를 했어. 이제 괜찮아지기를 바래야지?,0,,,,
내가 제출한 걸 회사에서 외면했어.,0,,,,
그 사람은 나한테 더 심한 욕도 하거든?,0,,,,
나도 무슨 일인지 궁금한데 앞에 사람들이 많아서 잘 안 보여.,0,,,,
너무 오래된 약속이라 미루기 어렵다.,0,,,,
고등학교 동창이라서 그래도 좋게 지내려고 생각하고 있는데 청소때문에 안맞으니까 자주 싸워서 속상하기도 하고 어떻게 해야될 지 모르겠어.,0,,,,
내일 집에서 나올 때 우산을 가지고 나오면 비 안맞을거야. 걱정해줘서 고마워.,0,,,,
나 집인데 자고 일어났더니 밖에 물이 엄청 차올랐어.,0,,,,
너무 놀라 다들 잠도 잘 못 잘 것 같아.,0,,,,
관리하시는 분께 말씀드리러 가려고. 나는 손도 못 대겠어.,0,,,,
나는 양식이 더 좋아.,0,,,,
네. 저 혼자 지금 갇혀있어요.,0,,,,
나도 아프면 병원에 바로 가볼 테니깐 너도 조심해.,0,,,,
그래. 영화 좋겠다. 재밌는 영화 좀 추천해줘.,0,,,,
다들 지금 슬퍼서 우울한 상태야.,0,,,,
내 생각에는 창문이 작아서 그런 거 같애.,0,,,,
"기분이 나아지진 않고, 항상 썼던 말이라 그래요.",0,,,,
기다리고 있는데 아직 안 왔어.,0,,,,
글쎄. 모르겠어. 어떻게 해야하지?,0,,,,
그냥 가족끼리 뒷산에 가서 묻어주고 오려고. 위로 잘 해드릴게.,0,,,,
그래야겠어. 나까지 속이 안 좋아.,0,,,,
"다른 칸 쓰고 오긴 했는데, 정말 기분 나빠.",0,,,,
그냥 사람들 되게 많이 몰려 있길래 뭔가 해서 함 봤지.,0,,,,
걱정하실까 봐 말씀 못 드렸어. 이번에 그냥 조용히 했어. 맨날 내 걱정이시니까. 더 잘해야겠어.,0,,,,
나도 직장을 옮기고 싶어.,0,,,,
놀란 건 둘째치고 너무 더러워서 토 나올 뻔했어!,0,,,,
나 결국에 면접에서 또 떨어졌어.,0,,,,
내가 자주 보는 인플루언서가 이벤트 했는데 나 거기 당첨됐어.,0,,,,
그래. 너 말이 맞아. 지금 바로 전화해야겠어.,0,,,,
권태기가 왔다며 나한테 통보를 하더라. 근데 알고보니 여자가 있었어.,0,,,,
내일부턴 운동도 좀 해야 되겠어!,0,,,,
"그런 일은 없어서 다행이야, 그래도.",0,,,,
그런건 아닌 거 같애. 잘은 못봤지만.,0,,,,
그래. 알고 있는데 그래도 내가 더 꼼꼼하게 했었어야 됐는데. 괜히 상사한테도 미안하네.,0,,,,
그럴까? 그러기 위해서는 더 열심히 일을 해야겠지. 또 많이 배우고.,0,,,,
그냥 기분이 ? 가라앉고 매일 하던 일도 하기 싫어.,0,,,,
나도 좋은 곳으로 갔을 거라고 생각해. 위로의 말 고마워.,0,,,,
아니야. 평소에는 잘 싸우지도 않았단 말이야.,0,,,,
그래. 물 한 잔 먹고 잊어버려야겠어.,0,,,,
너의 말대로 푹 쉬고 여행 계획도 잡아 볼게.,0,,,,
그래. 너 말이 맞는 거 같애. 앞으로 한 30분 정도만 환기 계속 시켜야겠어.,0,,,,
걔랑 싸운거 알잖아. 걔도 나한테 질렸나봐. 그래서 그냥 내가 결국 헤어지자고 했어.,0,,,,
다들 슬퍼하지. 나도 이런데 뭐.,0,,,,
나도 누가 그랬는지 궁금해! 범인을 좀 색출해 내야될 것 같애.,0,,,,
고등학교 동창인데 이렇게 더러울 거라고는 생각을 못했지. 같이 살아보니까 정말 힘드네.,0,,,,
나름 할만한 거 같아.,0,,,,
그거 어디서 파는데?,0,,,,
너무 요란스러워서 무서워서 잠이 안 왔어.,0,,,,
그거 참 좋은 생각이구나!,0,,,,
그거 좋을 거 같다.,0,,,,
너도 보고 싶어? 내가 나중에 한번 보여줄게!,0,,,,
다른 여자가 생겼는데 권태기가 왔다고 거짓말을 하더라고.,0,,,,
기획안이 오늘까지라서 또 밤새야할 거 같아.,0,,,,
남자친구가 항상 같이 달려줘서 더 는 것 같애.,0,,,,
구매한 노트북이 엄청 늦게 와서 기다리고 있었는데 오늘 도착한거야. 너무 기뻐.,0,,,,
나는 잘하는게 아무것도 없나봐. 너무 속상해.,0,,,,
기분 전환용 영상이 어떤 건데? 궁금하긴 하네.,0,,,,
나는 거 같아. 나 왜이렇게 무능력해?,0,,,,
놀란 거 빼고는 괜찮아. 그냥 그 뒤에 잠을 좀 설쳤다는 거 빼고는?,0,,,,
그래. 음악 좀 들으면서 휴식을 취해야겠어. 너무 피곤해.,0,,,,
권태기라는데 바람 난 것 같아.,0,,,,
그러니까. 어제 지진이 났을 때 사람들이 너무 놀라서 우왕좌왕 도망가다가 다른 사람들은 넘어지고 내 친구는 발목을 다쳤어. 그런데 그렇게 심하게 다친 것 같지는 않아.,0,,,,
그 사람과의 시간이 아쉬워.,0,,,,
근데 아직 안왔어.,0,,,,
나쁘지 않은데 일식에 애피타이저가 있나?,0,,,,
늘 생각은 하지. 하지만 이직이 생각보다 쉽지 않잖아.,0,,,,
나도 잠깐 쉬고 싶은데 해야할 일이 너무 많아.,0,,,,
난 정말 바보인가봐.,0,,,,
그래야겠어. 곰팡이가 너무 안 없어지니까 속상해.,0,,,,
200만원 정도 하는 노트북을 샀는데 배송이 늦어져서 걱정하고 있었어.,0,,,,
공채로 볼 수 있는 마지막 회사였어. 그래서 정말 많이 노력했거든.,0,,,,
나 평소에는 아무 낌새 없다가 2달 전에 갑자기 권태기가 왔다고 헤어지자고 하는 거야. 그래서 어쩔수없이 헤어지게 됐어.,0,,,,
"다 왔다고는 하는데, 내 생각엔 한참 걸릴 거 같아.",0,,,,
간식 먹고 진정하고 있어.,0,,,,
내가 밤 새서 만들어간 기획안이 엉망진창이래.,0,,,,
나도 그러고 싶은데 어렵게 들어온 회사잖아. 쉽게 그만둘수가 없어.,0,,,,
곰팡이 제거제를 구입했는데 아직은 효과가 안 나고 있어.,0,,,,
거의 일주일 내내 드셔. 적게는 5일 많게는 일주일 내내.,0,,,,
나 달리기 원래 좋아했던 거 알지? 너무 행복했어.,0,,,,
"날씨는 괜찮았는데, 근데 갑자기 동네에 경찰들이 막 몰려와가지고.",0,,,,
너무 놀라가지고 진짜 자다가 깜짝 깨버렸어!,0,,,,
정말 믿기지 않는 일이 벌어졌어.,0,,,,
나도 좋아하는 음악 들으면서 스트레스 풀고 싶다.,0,,,,
그래 알겠어. 확실하게 얘기를 해둬야지!,0,,,,
"너무 실망스러워서, 집에는 들어가기 싫고. 여기저기 방황하고 있어.",0,,,,
난 영화 보는 걸로 선택할게. 영화 좀 추천해줘.,0,,,,
갑자기 해피가 목줄을 끊고 도망갔거든.,0,,,,
그 사람을 믿은 게 실수였어.,0,,,,
그렇게 해도 안되는데 어떡하지?,0,,,,
다 버렸는데 그래도 냄새 나.,0,,,,
너무 속상하고 답답해서 그냥 무작정 걷고 있어!,0,,,,
구매하고 싶어. 좋은 거 있으면 추천해줘.,0,,,,
그 일을 맡은 게 실수였어.,0,,,,
그러게. 경찰들도 많이 힘들 거 같애.,0,,,,
그럼 더 바랄 나위도 없네. 내일 만나서 친구들이랑 상의해봐야 되겠어.,0,,,,
그저께 갑자기 의식을 잃어서 동물병원 응급실에 갔었거든. 갔다 와서는 밥도 잘 먹고 괜찮았는데 결국 세상을 떠났어.,0,,,,
기분이 날아갈 것 같았지! 보람을 느껴. 너무 좋아.,0,,,,
너의 말대로 취미 시간을 가져보면 무기력한 마음과 우울한 마음이 사라질 수 있을까?,0,,,,
난 어젯밤에 밤새 열심히 준비했거든? 그래서 직장상사한테 칭찬한번 받으려고 되게많이 노력했는데 내 능력은 여기까진가봐. 나 왜이러지? 너무 한심하지.,0,,,,
그저께 밤에 갑자기 의식을 잃더라구. 그러더니 어제 끝내 눈을 감았어.,0,,,,
그렇게 얘기해줘서 정말 힘이 된다.,0,,,,
"거의 매일이 야근이고 퇴근하고 나서도 또 연락이 오고. 왜이러지? 아, 진짜 너무한 거 아니야? 쉬는 시간은 줘야될 거 아니야!",0,,,,
"그래, 고마워. 너밖에 없다.",0,,,,
그저께 갑자기 의식을 잃고 쓰러져서 동물 병원 응급실로 갔어. 치료 도중에 좀 나아지는가 싶더니 결국 세상을 떠났어.,0,,,,
고마워. 해피는 정말 좋은 곳으로 갔을거야. 그치?,0,,,,
그런 거 같아. 그래서 집은 잘 보고 들어가야겠어.,0,,,,
다 별로야.,0,,,,
그렇겠지? 이건 이대로 넘어갈 수 없는 일인 것 같아.,0,,,,
고마워. 너 덕분에 그래도 조금 낫다. 고마워.,0,,,,
"권태기라고 생각했는데, 다른 사람 있었나봐.",0,,,,
냄새를 어떻게 할까?,0,,,,
그런 사람들은 양심도 없어서 사과도 억지로 했어.,0,,,,
"그렇다고 수당을 따로 챙겨주는 것도 아니고. 이런식으로 하다간, 더 이상 못 다니지.",0,,,,
그래두 다녀야지.,0,,,,
"그래야겠다. 아, 나 진짜 사람들 이해 안돼. 본인이 한건 본인이 좀 치우지!",0,,,,
"그러게 말이야 대체 누가 그런 건지 물이라도 마셔야겠다.	",0,,,,
"그저께 아파서 병원에 갔는데, 괜찮아지더니 결국 세상을 떠났어.",0,,,,
그러니까. 하루종일 곰팡이만 닦다가 끝나는 것 같아.,0,,,,
경기도에 있는 유기견 보호소였는데 그곳에 버려지는 아이들이 너무 많대.,0,,,,
너의 말 대로 약속 장소를 옮겨 보는 것도 좋은 방법 같아. 하지만 친구가 어떻게 생각할지 모르겠어.,0,,,,
"나도 잘 모르겠어 아무것도 하기 싫고 기분이 우울해.	",0,,,,
내 기록이라 엄청 좋지는 않고.,0,,,,
너무 징그러워서 사진을 찍을 생각조차 못했어. 그냥 보기도 싫더라,0,,,,
그 영상 보면 내 기분이 좋아진대?,0,,,,
그래. 산책이라도 해볼게.,0,,,,
"놀란 건 아닌데, 더러워서.",0,,,,
그냥 환기하려고.,0,,,,
"다들 바쁘고 얘기하기도 어렵고 계약직이라 나를 약간 무시하는 것 같아.	",0,,,,
그러게. 별 일 아니었으면 좋겠다.,0,,,,
그래. 그러길 바래야지.,0,,,,
그랬을 수도 있겠다.,0,,,,
걔가 시간이 별로 없다그랬는데 너무 고민된다.,0,,,,
"그래, 보여줄게. 얼마나 예쁘고 좋은지.",0,,,,
"너무 싫어, 진짜. 너무 싫어!",0,,,,
그 한명이 나야.,0,,,,
"공동으로 쓰는 공간인데 왜 그렇게 쓰나 몰라, 진짜.",0,,,,
그 사람이 권태기가 온 거 같더라고. 그래서 시간을 갖자고 하더라.,0,,,,
너무 슬퍼하고 있고 나도 너무 슬퍼서 집에 들어가기 싫어. 해피 생각이 너무 나서.,0,,,,
그냥 걸어다니고 있어. 우울해.,0,,,,
가는 거 나쁘지 않지. 그냥 평범해.,0,,,,
남자친구랑 헤어진지 두 달 정도 됐는데 아직도 적응이 안 돼. 남자친구가 금방이라도 전화를 할 것 같아.,0,,,,
내일 비 소식이 있구나? 비가 엄청 많이 온대?,0,,,,
고맙다 그렇게 얘기해줘서. 너밖에 없네.,0,,,,
"너무 스트레스 받고, 힘들어서 나도 회사 옮기고 싶어.",0,,,,
그럼. 일주일에 5일은 기본으로 마시는데.,0,,,,
곰팡이를 없애는 데 뭐 좋은 수가 없을까?,0,,,,
다 귀찮아. 아무것도 하기 싫어. 잠만 자고 싶어.,0,,,,
그러게. 언제쯤 끝날까?,0,,,,
가고 싶은 회사가 이제 안 남았어. 내년까지 기다려야 돼.,0,,,,
내가 너무 답답해서 그냥 걷고 있어.,0,,,,
계단에서 넘어졌대.,0,,,,
그래? 나도 그렇게 생각해.,0,,,,
그래. 그거 좋은 생각이다. 사진 찍어야겠다.,0,,,,
그건 아닌데 미안.,0,,,,
너의 말대로 약속 장소를 옮겨보는 것도 좋은 방법 같아. 나는 그 생각은 하지 못했어.,0,,,,
갑자기 지진이 난거야! 너무 놀라서 튀어나왔지!,0,,,,
그래. 친구들도 만나서 재밌게 놀고 올 거야.,0,,,,
그러니까 궁금해서 봤더니 바리케이트를 치고 있더라고.,0,,,,
그냥 갑자기 쓰러져서.,0,,,,
기운이 안 난다.,0,,,,
너무 힘든데 그렇다고 이직을 바로 할 수 있는 상황이 아니잖아.,0,,,,
그래. 구매할 생각이 있어. 추천 좀 해 줘봐. 그거라도 써서 없애야지.,0,,,,
"그래, 이렇게라도 너한테 털어놓을 수 있어서 마음이 후련하다. 고마워.",0,,,,
나 그냥 참고 있어! 다른 층은 눈치 보여서 못 가겠어.,0,,,,
그 말도 맞는 것 같긴 해. 어차피 다 날라갔으니까 지금.,0,,,,
그런 영상 하나로 내 기분이 바뀔 수 있을까?,0,,,,
나 축하 좀 해 줘. 너무 좋은 일이 있었어.,0,,,,
나 면접 또 떨어졌어. 우울해.,0,,,,
나도 그러길 기도하고 있어. 힘내.,0,,,,
그래. 좋은 생각이야. 이런 거는 미리부터 얘길 해야 돼.,0,,,,
고등학교 동창이었는데 나도 걔가 그렇게 청소를 안 하는지는 몰랐어.,0,,,,
"내가 오죽하면 이러겠어, 어?",0,,,,
너무 고마워! 찾아주면 열심히 할게.,0,,,,
군대도 기다렸어서 3년이나 만났지.,0,,,,
그 아저씨 아니었으면 큰일 날 뻔 했어. 사람들이 깜짝 놀랐겠지.,0,,,,
나는 당연히 안 그러는데 사람들이 너무 매너가 없어.,0,,,,
그냥 그만 만나재. 딴 사람 생긴 거 같더라.,0,,,,
경기가 안 좋아서 바닥을 치고 있어.,0,,,,
"내가 직접 말은 안했는데, 부모님도 아마 내 표정 보면 다 아시지 않을까?",0,,,,
고마워. 혼자 견뎌볼게 한번.,0,,,,
권태기가 왔다던데 아무래도 다른 사람 생겼나봐.,0,,,,
그저께 저녁에 갑자기 아파서 동물 병원 응급실로 데려갔어. 의식을 좀 찾고 나아지는 것 같았는데 결국에 세상을 떠났어.,0,,,,
그런 식이라니까? 한 두 번도 아니고.,0,,,,
내일 중으로 다시 말씀 드리려고.,0,,,,
그렇게 말해줘서 고마워. 나도 열심히 할게.,0,,,,
그럼 산책하러 갔다와야겠다.,0,,,,
그냥 지인이 이거 좋다고 자꾸 꼬드겨서 한 번 해봤어.,0,,,,
그래. 그거라도 보고 기분을 진정시켜야겠어.,0,,,,
다른 회사도 준비해 봐야지.,0,,,,
"200만 원 짜리 노트북을 구매했는데, 정말 기분이 좋아.",0,,,,
"그래 한 번은 산책도 해야겠지 기분 전환도 하고 마음을 여유롭게 좀 가져보는 것도 좋을 것 같아.	",0,,,,
그래! 나 여행도 가고 싶다!,0,,,,
놀라기는 했지만 다른 층을 쓰고 싶진 않아. 내가 가서 치울까도 생각 중이야.,0,,,,
늘 그래. 항상 그래.,0,,,,
그래. 해피는 정말 좋은 곳으로 갔을 거야. 우리 가족 너무나 행복하게 해줬으니까.,0,,,,
다들 괜찮은 거 같애. 그래도 앞으로 진짜 지진대피훈련을 잘 받아야될 거 같애.,0,,,,
"고등학교 때부터 알던 친구인데 방을 이렇게 지저분하게 사용할 줄 몰랐어 알았다면 같이 안 살았을 거야.	",0,,,,
그 사람이 그런 행동을 했다는 게 믿어지지 않아.,0,,,,
그렇게 괜찮다면 구매를 한 번 해보고 싶어.,0,,,,
그래! 관리자한테 말하고 빨리 치우라고 말하자.,0,,,,
놀란 정도가 아니야. 내가 비위가 좀 약하잖아.,0,,,,
그냥 한 마디 할까?,0,,,,
너무 화가 나니까 영상 보는 거 자체가 싫어졌어.,0,,,,
다른 사람들도 다 바쁘긴 해. 그래서 내가 더 말할 수가 없어.,0,,,,
놀란 것 보다 너무 더러운걸 봐서 기분이 안좋아.,0,,,,
내일 그 새끼한테 얘기하려고.,0,,,,
그러게. 비는 또 왜 그렇게 오는 거야. 더 습하게.,0,,,,
"경기도에 있는 유기견 보호소였는데, 사람들이 너무 많이 버려대서 아이들을 더 받을 수 없대. 그곳에서 생활하는 아이들도 너무 지저분하고.",0,,,,
늦을 때마다 짜증을 내 봤지. 하지만 이렇게까지 늦은 적은 이번이 처음이야. 오늘 진지하게 얘기 좀 해봐야 될까?,0,,,,
"그러니까. 보상을 받아야겠어. 먹지도 못하고, 기분만 나빠.",0,,,,
그냥 갑자기 멈춰버리네.,0,,,,
기분 좋지. 현금으로 줘서 좋아.,0,,,,
메세지를 첨부하고 항의 하면 나한테 사과를 해줄까?,0,,,,
내 휴가가 엉망이야!,0,,,,
누가 그랬을까?,0,,,,
"권태기가 왔다고 헤어지자더니, 알고 봤더니 새로운 사람이 생긴 거였어.",0,,,,
"그래야겠어. 지금은 괜찮은데, 나중에 아프면 병원 가려고.",0,,,,
갑자기 차가 나한테 들이박는 거야.,0,,,,
그래도 나중에 뒷 일 커지는 거보다 깔끔하게 경찰 부르는게 낫지.,0,,,,
나도 일 하는 거 참 힘들지.,0,,,,
아마도 오늘 뉴스에 나올걸?,0,,,,
계단에서 넘어지셨어. 너무 취하셔가지구.,0,,,,
그래 친구들 만나서 여행 계획 세워 볼게.,0,,,,
그렇지. 같이 뛰고 같이 운동하고 대회 같이 나가는 크루가 있어.,0,,,,
"나도 그러고 싶은데, 쉬운 게 아니잖아.",0,,,,
그냥 주변에서 좋다고 하는거 몇 개 샀는데 아 완전 망했어.,0,,,,
나 음악 안 좋아해. 너나 들어.,0,,,,
나 아까 해피랑 산책하다 정말 깜짝 놀랐어.,0,,,,
그 기회를 놓친 게 정말 아쉬워.,0,,,,
공채 마지막 회사라 다른데도 갈데가 없어.,0,,,,
"내 친구는 발목 다쳤는데, 아, 진짜 이게 실제 상황이 되니까 너무 무섭더라고.",0,,,,
다른 별 일은 없었어.,0,,,,
그러고 보니 여행도 가고 싶다.,0,,,,
계단에서 넘어지시면서 허리만 다치고 다른 곳은 다치진 않아서 괜찮으셔. 하지만 허리 치료 때문에 당분간 병원에 입원해 계셔야 해.,0,,,,
너무 죄송해서 말씀도 못드리겠어. 엄청 실망하실 거 같아.,0,,,,
너무 많이 내려갔어. 경기가 안 좋은가 봐. 속상해.,0,,,,
나 오늘 이벤트에 당첨되었어.,0,,,,
늦을 때마다 얘긴 해봤지. 하지만 미안하다고 하고 고치겠다고만 해. 그리곤 고쳐지지가 않는 거야.,0,,,,
"나이가 많기는 했는데, 갑자기 그렇게 됐어.",0,,,,
가보니까 뭐 상황이 다 끝났는지 사람들만 모여있고 무슨 일인지는 모르겠더라.,0,,,,
그럼 15년간 키웠는데 우리집 앞마당에 볕이 잘 드는데 묻어줬지.,0,,,,
그냥 전망 좋다길래 넣었는데 사실 잘 모르겠어.,0,,,,
"그저께 밤에 갑자기 쓰러지더니 의식을 잃더라고 그리고 어젯밤에 세상을 떠났어.	",0,,,,
"놀란 거 빼고는 괜찮아. 뭐, 나한테 친 것도 아니잖아?",0,,,,
그분과의 인연을 끊은 걸 후회합니다.,0,,,,
"거의 매일 드셔서 건강도 걱정되고, 다치구, 그러니 너무 속상하고 힘들어.",0,,,,
그런 건 없었어.,0,,,,
눈을 떠보니 밖에 온통 물 밖에 없네. 어쩌지?,0,,,,
그래야겠다. 강남은 너무 위험하니까 약속 장소라도 변경해봐야겠어.,0,,,,
그것도 좋겠다. 한 번 생각해볼게.,0,,,,
그러니까 정말 화나서 못살겠어.,0,,,,
그래서 나도 기사 찾아봤는데 기사는 안 떴더라고.,0,,,,
그 친구랑 싸운 게 후회돼.,0,,,,
그래야겠어. 그래야 다른 말이 안 나오지.,0,,,,
"내가 늦게 집에 들어오면 제일 먼저 나를 반겨주던 해피가 집에 없으니까 너무 허전해 해피가 너무 보고 싶어.	",0,,,,
1시간 넘게 기다렸는데 친구가 안 와 너무 화가 나.,0,,,,
나 지금 기분이 너무 안좋은데 어떤 영상을 추천해줄건데?,0,,,,
그래 한번 기분 전환 좀 할겸 음악도 들어야 되겠다.,0,,,,
그 사람이 권태기가 왔다고 잠깐 시간을 갖자고 하더라고. 그러더니 끝내 헤어지자고 하는거야.,0,,,,
나 진짜 변기 커버 들고 깜짝 놀랐어.,0,,,,
근데 가족들도 도움을 줄 수 있는 상황이 아니다.,0,,,,
"그래, 그게 좋겠어. 냄새는 어쩔 수 없으니까.",0,,,,
나 어제 감기 걸려서 너무 아픈데도 열심히 기획안 써서 갖다 냈는데 상사가 처음부터 다시 해오래. 나는 정말 잘하는게 없나봐.,0,,,,
너무 놀랐어. 내 마음이 쿵쾅거린다니까. 나는 괜찮은데 친구가 다쳤어,0,,,,
그건 맞는데 뭔가 너무 방금 너무 화가 났어.,0,,,,
그냥 집에만 있으려니까 무기력하고 심심한 느낌?,0,,,,
나도 다른 곳으로 옮기고 싶어.,0,,,,
그 자식이 갑자기 헤어지재!,0,,,,
그러게. 고민 중이야.,0,,,,
너가 겪어봐. 그런 좆같은 새끼도 없어.,0,,,,
그래도 의미만 통하면 괜찮지 않을까?,0,,,,
기획안을 수정해야 돼서 아마 야근해야 될 거 같아.,0,,,,
나 애인한테 차였어.,0,,,,
고등학교 동창이었어. 그때는 이렇게 이기적인 아이가 아니었거든.,0,,,,
1시간은 넘은 것 같아 왜 안 오는지 조금은 걱정이 되네.,0,,,,
너무 좋지! 너무 행복하고 이래서 하나 봐. 보람을 느껴.,0,,,,
너무 맘에 들지. 엄청 좋아. 내가 원했던 향수거든!,0,,,,
내일 약속 어쩌지?,0,,,,
내가 몸관리를 못해서 그래 감기가 걸려서 제대로 일을 못했다고 쳐도 내 나름대로 진짜 열심히 했거든? 근데 결과가 또 이거네.,0,,,,
"다들 난리가 났지. 도망가고, 소리치고, 얼마나 당황스러웠는지 몰라.",0,,,,
그렇지만 너무 힘드네.,0,,,,
"그러면 내가 억울하지도 않지 평상시 엄청 잘했거든.	",0,,,,
고마워. 너도 같이 해볼래?,0,,,,
"괜찮은데, 다친 애는 아직까지도 아프대.",0,,,,
다른회사 준비한 것도 다 떨어졌더라고. 이번 공채 마지막 면접인데 하.,0,,,,
그 사람 다른 사람이 생긴 거 같아. 미리 준비를 했어야 됐는데. 내가 그 사람을 너무 믿고 있었나봐.,0,,,,
가족들한테 돈 빌릴 상황이 아니야.,0,,,,
고등학교 동창이었어. 그때는 이렇게까지 성격이 그러지 않았거든.,0,,,,
나 드디어 프로젝트가 마감되었어!,0,,,,
그렇지 않아도 말했어.,0,,,,
그래 지금은 바쁘니까 다른 층을 써야 되겠어.,0,,,,
고등학교 동창이었어. 그때는 이 아이가 이렇지 않았거든.,0,,,,
다 끝났어. 잘 보내주고 왔어.,0,,,,
"다른 건 나쁠 건 없어.	",0,,,,
나 우리 엘리베이터 안에 갇혔어.,0,,,,
"그렇지 좀 무섭지 그러면 강남역보다는 근처에 있는 공원으로 좀 옮겨보는건 좀 괜찮을 것 같지?	",0,,,,
그러기에는 너무 염치가 없는 걸.,0,,,,
"그냥 무작정 걷고 있어 잠시 생각을 정리해야 될 것 같아.	",0,,,,
그러니깐 나도 그거 궁금해서 보러갔다가 쫓겨났어.,0,,,,
괜찮다면 써볼까?,0,,,,
그러고 싶지만 그럴 수가 없어. 지금은 일도 바쁘고 쉴 시간이 없어.,0,,,,
남자친구는 권태기가 왔다고 잠깐 시간을 가지자고 했어. 근데 새로운 여자친구가 생긴 것 같아.,0,,,,
그러게. 저거 뉴스에서 보면 재밌겠다.,0,,,,
갑자기 폭탄이 터지잖아. 난 전쟁 난 줄 알았어.,0,,,,
그래. 얼른 여행도 다니고 친구들도 만나면서 푹 쉬어야지.,0,,,,
고마워. 이모카.,0,,,,
나 내일 가야되는데 가도 될까?,0,,,,
기분 완전 별로지. 짜증나 죽겠어.,0,,,,
그렇지 뭐! 아후 아주 보기도 안 좋고 냄새도 쾌쾌하고 미치겠어!,0,,,,
이게 사실이라니 믿을 수 없을 정도야.,0,,,,
나 아까 뽀삐랑 산책 중에 진짜 놀란 일 있었어.,0,,,,
나 어떡해? 이번 달 완전히 망한 것 같아!,0,,,,
그런적은 없는데 서로 권태기가 온 거 같애.,0,,,,
그거 너무 고맙네.,0,,,,
그래야 할 것 같아. 화장실이 너무 냄새가 나 습해서!,0,,,,
기분 전환용 영상 보면 기분이 정말 좋아질까?,0,,,,
그것도 맞는 거 같아. 계약이 끝나는대로 방을 바꿔야겠어.,0,,,,
나도 그러길 바래. 기도해줘야지. 좋은 곳으로 가라고.,0,,,,
나도 그러고 싶어. 지금 몸 상태도 안 좋고. 그렇지만 나만 빠져나올 순 없어. 다들 힘들어하니까.,0,,,,
네. 환기를 잘 시켜야겠어요.,0,,,,
그러니까 너무 많이 드셔!,0,,,,
그저께 밤부터 갑자기 시름시름 앓더라고. 그러더니 어제 끝내 눈을 감았어.,0,,,,
"그랬더니, 그 개가 나한테 막 또 짖는 거야.",0,,,,
너한테 얘기하고 나면 조금 풀리는 것 같아.,0,,,,
놀라진 않았는데 기분이 나빠.,0,,,,
"나도 그렇게 생각해 오늘 제대로 이야기해서 버릇을 고쳐놔야겠어.	",0,,,,
길에서 그냥 걷고 있어. 너무 속상해서. 도저히 집에 못들어가겠다.,0,,,,
난 제대로 하는 게 없나봐.,0,,,,
그래야지. 빨리 마음 정리 해야지.,0,,,,
니가 그새끼한테 안 당해봐서 그래. 아주 몹쓸놈이야.,0,,,,
괜찮아. 마음은 진정이 됐어. 지금은 범인을 찾아야 되겠어.,0,,,,
아마 결과가 나올 시간이 지났으니까 내가 아무 말 하지 않는다는 것은 떨어졌다는 걸 아실 거야,0,,,,
그런 영상으로 기분이 좋아질 수 있어?,0,,,,
그래 친구도 만나야지. 오랫동안 못 만나서 보고싶거든.,0,,,,
그거 참 좋은 생각인걸.,0,,,,
내 기획안을 처음부터 다시 해오라고 그러잖아.,0,,,,
갑자기 해피 목줄이 끊어져 가지고 해피가 도망갔어.,0,,,,
그렇지. 천둥만 몇 번 치더니 끝났어.,0,,,,
그래야 할 것 같아. 도대체가 힘들어.,0,,,,
그게 낫겠어 정말.,0,,,,
기분이 좋아지는 음악을 들으면 기분이 나아질 거 같아.,0,,,,
계속 재택 근무만 하고 집에 있으니까 기분이 너무 안 좋아.,0,,,,
그러고 싶지만 오래된 약속이라 미루기가 그래. 보고 싶기도 하고.,0,,,,
그런 거 같아 상처받은 유기견들이 지금 학대당하고 상처받아서 버려지고 있어.,0,,,,
내주니까 힘이 난다. 얼른 잘 치워볼게.,0,,,,
글쎄? 무슨 시비가 붙었나?,0,,,,
나 어제 해피랑 산책하다가 깜짝 놀랬어.,0,,,,
"그래야 할 것 같아 약속 장소 바꾸자고 연락해 봐야겠어.	",0,,,,
그래. 너의 말대로 여행 계획도 세워볼게! 오랜만에 여행을 다녀오는 것도 괜찮을 것 같아!,0,,,,
"그전부터 아팠는데, 갑자기 죽었어.",0,,,,
다니기 싫어도 어쩔 수 없어.,0,,,,
갑자기 내가 일방적으로 차였어.,0,,,,
그럼 얼마나 더 지켜보는 게 좋을까?,0,,,,
그런데 이직하기가 쉽지 않으니까 고민이 되지.,0,,,,
그거 좋은 생각이다. 하루 종일 자야지!,0,,,,
다들 바쁘다는 핑계로 내 말을 들어주질 않아.,0,,,,
그만두고 싶은 마음이야. 맨날 일 시켜. 퇴근도 못하고!,0,,,,
그냥 화장실의 구조가 문제인 것 같아.,0,,,,
내가 직접 말 해볼까?,0,,,,
그 새끼는 왜 나한테만 이럴까?,0,,,,
네. 그래도 좀 심장이 아프네요.,0,,,,
"내가 청소를 하는데도 한계가 있지. 그래서 한 달 전 쯤에 정리 좀 하라고 했지. 근데, 다시 되돌아 와.",0,,,,
남자친구가 권태기가 왔다고 나보고 헤어지쟤.,0,,,,
다른 사람한테는 안 그러는데 나한테만 계속 새로운 일을 주니까 너무 힘들어서 나도 직장 옮기고 싶은 마음이 들어.,0,,,,
나는 아직은 괜찮아. 근데 친구가 좀 걱정이야.,0,,,,
누군가 싸우는 것을 말리는 것 같아. 주위에 사람들 많아.,0,,,,
나도 그럴까 해. 집에서 영화나 봐야지.,0,,,,
그러니까 미친거지. 아주 아니 내가 일찍온것도 아니야. 근데 아 진짜 가기싫다.,0,,,,
나도 빨리 백신이 개발 돼서 코로나가 종식 됐으면 좋겠어.,0,,,,
그래? 곰팡이 제거제를 사용하면 좀 나아진다니까 구매해볼래.,0,,,,
남자친구랑 함께 했던 시간이 너무 많아서 남자친구를 머리 속에서 지우려면 시간이 많이 걸릴 거 같아. 아직까지는 이별 받아들이는 게 쉽지 않아.,0,,,,
그 사람과의 시간이 후회돼요.,0,,,,
다른 것도 잘 맞는 것 같진 않아. 하지만 다투는 건 청소만 할 때 그렇게 다퉈.,0,,,,
"그저께 밤에 갑자기 의식을 잃어버린더라고 그러더니 어제 끝내 눈을 감았어.	",0,,,,
내가 계약직이라서 만만하니까 그런 것 같애. 생각같아선 그냥 확 그만두고 싶다.,0,,,,
3년 동안 그렇게 잘 해주더니 다 연기였나봐.,0,,,,
"그래서 그런 걸까 아무튼 모두 엉망이야.	",0,,,,
"근데 회사 일도 너무 바빠서 회사 일을 덜 할 수 없는 상황이야.	",0,,,,
"다들 밥 먹다가 도망치느라고 난리였지 옆 테이블 사람들은 넘어지고 그 사람들 때문에 내 친구는 발을 다쳤어.	",0,,,,
그냥 다 귀찮아. 아무것도 하기도 싫고.,0,,,,
그래서 너한테 이렇게 얘기라도 하는 거지. 내가 뭐 앞에서 어떻게 하겠어?,0,,,,
그래. 고맙다.,0,,,,
그러게. 병원에 가봐야겠다. 오늘 당장 가볼까?,0,,,,
나 어제 엄청 무서운 일을 겪었어!,0,,,,
나도 참 자주 그래.,0,,,,
나 정말 하는 일마다 다 왜 이러지?,0,,,,
"그래 다른 층을 일단 써야겠어 정말이지 이 화장실은 비위가 상해서 쓸 수가 없어.	",0,,,,
그래 그것도 좋은 방법인 것 같아.,0,,,,
너랑 통화하려고 잠깐 밖에 나와있긴 해.,0,,,,
결국은 집에서 휴식을 취하면서 영화도 보고 맛있는 거나 해먹어야겠어.,0,,,,
그러니깐. 이제부턴 청소를 제때제때 해야되겠어.,0,,,,
그래도 눈치는 있더라고. 미안하다고 약속시간 다음부터 잘 지키겠다구 문자는 항상 하더라. 그런데 매일 똑같애.,0,,,,
나는 아무 일도 없었고 그냥 구경만 다녀왔어.,0,,,,
그래. 언젠가 시간 내서 검사는 받아야겠지. 허리가 너무 아프니까.,0,,,,
그래. 결국에는 어쩔 수 없지. 나갈 수 없으니까 집에서 휴식을 취하면서 맛있는거나 해 먹어야겠어.,0,,,,
내가 찍은 사진이 확실한 증거니까 적당한 조치를 취해주겠지?,0,,,,
너가 생각해도 그렇지? 나도 그렇게 생각해.,0,,,,
나도 정말 꿈인줄 알았어. 꿈이라기엔 너무 생생하게 이상한 소리였어.,0,,,,
다른 사람들이 유튜버 말만 듣고 제품을 샀잖아!,0,,,,
내가 1등이야!,0,,,,
눈치 보여서 일찍 퇴근도 못 하지.,0,,,,
고마워. 너 밖에 없다.,0,,,,
그래. 위로해줘서 고마워.,0,,,,
너무 좋다! 고마워.,0,,,,
다들 힘들어 하지. 특히 엄마가 많이 힘들어 하셔.,0,,,,
"나? 음, 나 그냥 발라드 같은 거 좋아해.",0,,,,
근처 갔더니 내쫓더라고.,0,,,,
나야 항상 편하게 일하고 있어.,0,,,,
"그렇지만 일을 실수한 건 내 책임이니까.	",0,,,,
그것도 좋지. 맛있는 것도 많이 먹고싶다.,0,,,,
"그렇게는 하고 싶은데, 회사 생활이 녹록지가 않네. 일찍 퇴근은 절대 못 하겠지?",0,,,,
그러게 말이다. 이걸 어떻게 치우면 되니.,0,,,,
곰팡이가 없어지잖아.,0,,,,
다들 포기한 상태야. 자꾸 그러시니까 말하기도 싫어.,0,,,,
그것도 좋은데 운동하고 싶어요.,0,,,,
"냉장고 안에 반찬이 조금 남아 있는데 그걸로 2주를 버텨야 해.	",0,,,,
"그래, 그냥 내가 능력자라서 그런가보다 라고 생각을 해봐야겠지. 그래, 그렇게 생각하자.",0,,,,
난 많이 행복했어.,0,,,,
그래 너무 고맙다.,0,,,,
새로 오픈한 집이어서 시켜본 건데 이게 뭐야.,0,,,,
너무나 많은 일로 내가 스트레스 받고 지쳐서 버틸 수 있을 지 모르겠어.,0,,,,
내가 들고 있는 주식은 괜찮은 주식이야. 생명과학 분야야.,0,,,,
"그러고 싶은데 일이 바빠서 시간을 못 내 우선은 일을 끝내고 뭘 하든지 해야지.	",0,,,,
나 지금 배고파.,0,,,,
그니까! 목줄이 약했나봐.,0,,,,
나를 받아주는 곳이 있을까?,0,,,,
괜찮아질까?,0,,,,
계속 진행해 온 프로젝트가 잘 풀리지 않는 것 같아. 그래서 마음이 우울해!,0,,,,
그렇지. 강아지들이 크면서 키우기가 힘들어지니까 버리는 거지.,0,,,,
관리하시는 분은 무슨 죄냐고. 어떻게 말씀드려야 될지 모르겠어.,0,,,,
너의 말처럼 약속 장소를 옮겨보는 것도 좋은 방법인 것 같아. 친구한테 이야기 해봐야 될 것 같아.,0,,,,
그래야겠지? 지금은 괜찮아. 상황봐서 조금 더 진정이 안 되면 한 번 병원에 가봐야겠지?,0,,,,
그래도 이제 이번 달까지만 하고 정리하자고 할까 고민 중이야.,0,,,,
니 말이 맞긴 한데 그래도 너무 화가 나!,0,,,,
너무 스트레스 받아서 이제는 너무 지쳐!,0,,,,
그렇지. 그런 것도 있는 것 같아. 요즘 너무 생각해야 될 게 많아.,0,,,,
"갑자기 일어난 지진 때문에 사람들이 여기저기 넘어졌어. 하지만 크게 다친 사람들이 없어서, 정말 다행이었어.",0,,,,
내가 예전부터 받고 싶었던 향수를 선물로 받아서 엄청 마음에 들어!,0,,,,
글쎄? 경찰들 여러 명 있는 거 보니까 그런 것 같은데?,0,,,,
내 기획안 거절 당하고 왔어.,0,,,,
그래. 혼자 집에 가있어.,0,,,,
그렇지 않아도 생각 안 해본 건 아니야.근데 너무 아깝잖아 여기까지 다닌 게.,0,,,,
김치찌개 레시피 좀 알려주세요,1,,,,
스파게티 만드는 법 가르쳐 주세요,1,,,,
갈비찜은 어떻게 만들어야 하나요?,1,,,,
김치찌개 레시피가 필요해요.,1,,,,
김치찌개 만드는 법 좀 알려주세요.,1,,,,
김치찌개 요리법을 알고 싶어요.,1,,,,
김치찌개 어떻게 만들어요?,1,,,,
김치찌개 레시피 알려줄래요?,1,,,,
김치찌개 요리하는 방법 좀 가르쳐주세요.,1,,,,
김치찌개 만드는 방법 알려주세요.,1,,,,
김치찌개 레시피 부탁드립니다.,1,,,,
김치찌개 만드는 법을 알고 싶어요.,1,,,,
김치찌개 요리법 좀 알려주시겠어요?,1,,,,
된장찌개 레시피가 필요해요.,1,,,,
된장찌개 만드는 법 좀 알려주세요.,1,,,,
된장찌개 요리법을 알고 싶어요.,1,,,,
된장찌개 어떻게 만들어요?,1,,,,
된장찌개 레시피 알려줄래요?,1,,,,
된장찌개 요리하는 방법 좀 가르쳐주세요.,1,,,,
된장찌개 만드는 방법 알려주세요.,1,,,,
된장찌개 레시피 부탁드립니다.,1,,,,
된장찌개 만드는 법을 알고 싶어요.,1,,,,
된장찌개 요리법 좀 알려주시겠어요?,1,,,,
불고기 레시피가 필요해요.,1,,,,
불고기 만드는 법 좀 알려주세요.,1,,,,
불고기 요리법을 알고 싶어요.,1,,,,
불고기 어떻게 만들어요?,1,,,,
불고기 레시피 알려줄래요?,1,,,,
불고기 요리하는 방법 좀 가르쳐주세요.,1,,,,
불고기 만드는 방법 알려주세요.,1,,,,
불고기 레시피 부탁드립니다.,1,,,,
불고기 만드는 법을 알고 싶어요.,1,,,,
불고기 요리법 좀 알려주시겠어요?,1,,,,
비빔밥 레시피가 필요해요.,1,,,,
비빔밥 만드는 법 좀 알려주세요.,1,,,,
비빔밥 요리법을 알고 싶어요.,1,,,,
비빔밥 어떻게 만들어요?,1,,,,
비빔밥 레시피 알려줄래요?,1,,,,
비빔밥 요리하는 방법 좀 가르쳐주세요.,1,,,,
비빔밥 만드는 방법 알려주세요.,1,,,,
비빔밥 레시피 부탁드립니다.,1,,,,
비빔밥 만드는 법을 알고 싶어요.,1,,,,
비빔밥 요리법 좀 알려주시겠어요?,1,,,,
잡채 레시피가 필요해요.,1,,,,
잡채 만드는 법 좀 알려주세요.,1,,,,
잡채 요리법을 알고 싶어요.,1,,,,
잡채 어떻게 만들어요?,1,,,,
잡채 레시피 알려줄래요?,1,,,,
잡채 요리하는 방법 좀 가르쳐주세요.,1,,,,
잡채 만드는 방법 알려주세요.,1,,,,
잡채 레시피 부탁드립니다.,1,,,,
잡채 만드는 법을 알고 싶어요.,1,,,,
잡채 요리법 좀 알려주시겠어요?,1,,,,
떡볶이 레시피가 필요해요.,1,,,,
떡볶이 만드는 법 좀 알려주세요.,1,,,,
떡볶이 요리법을 알고 싶어요.,1,,,,
떡볶이 어떻게 만들어요?,1,,,,
떡볶이 레시피 알려줄래요?,1,,,,
떡볶이 요리하는 방법 좀 가르쳐주세요.,1,,,,
떡볶이 만드는 방법 알려주세요.,1,,,,
떡볶이 레시피 부탁드립니다.,1,,,,
떡볶이 만드는 법을 알고 싶어요.,1,,,,
떡볶이 요리법 좀 알려주시겠어요?,1,,,,
라면 레시피가 필요해요.,1,,,,
라면 만드는 법 좀 알려주세요.,1,,,,
라면 요리법을 알고 싶어요.,1,,,,
라면 어떻게 만들어요?,1,,,,
라면 레시피 알려줄래요?,1,,,,
라면 요리하는 방법 좀 가르쳐주세요.,1,,,,
라면 만드는 방법 알려주세요.,1,,,,
라면 레시피 부탁드립니다.,1,,,,
라면 만드는 법을 알고 싶어요.,1,,,,
라면 요리법 좀 알려주시겠어요?,1,,,,
갈비찜 레시피가 필요해요.,1,,,,
갈비찜 만드는 법 좀 알려주세요.,1,,,,
갈비찜 요리법을 알고 싶어요.,1,,,,
갈비찜 어떻게 만들어요?,1,,,,
갈비찜 레시피 알려줄래요?,1,,,,
갈비찜 요리하는 방법 좀 가르쳐주세요.,1,,,,
갈비찜 만드는 방법 알려주세요.,1,,,,
갈비찜 레시피 부탁드립니다.,1,,,,
갈비찜 만드는 법을 알고 싶어요.,1,,,,
갈비찜 요리법 좀 알려주시겠어요?,1,,,,
삼계탕 레시피가 필요해요.,1,,,,
삼계탕 만드는 법 좀 알려주세요.,1,,,,
삼계탕 요리법을 알고 싶어요.,1,,,,
삼계탕 어떻게 만들어요?,1,,,,
삼계탕 레시피 알려줄래요?,1,,,,
삼계탕 요리하는 방법 좀 가르쳐주세요.,1,,,,
삼계탕 만드는 방법 알려주세요.,1,,,,
삼계탕 레시피 부탁드립니다.,1,,,,
삼계탕 만드는 법을 알고 싶어요.,1,,,,
삼계탕 요리법 좀 알려주시겠어요?,1,,,,
순두부찌개 레시피가 필요해요.,1,,,,
순두부찌개 만드는 법 좀 알려주세요.,1,,,,
순두부찌개 요리법을 알고 싶어요.,1,,,,
순두부찌개 어떻게 만들어요?,1,,,,
순두부찌개 레시피 알려줄래요?,1,,,,
순두부찌개 요리하는 방법 좀 가르쳐주세요.,1,,,,
순두부찌개 만드는 방법 알려주세요.,1,,,,
순두부찌개 레시피 부탁드립니다.,1,,,,
순두부찌개 만드는 법을 알고 싶어요.,1,,,,
순두부찌개 요리법 좀 알려주시겠어요?,1,,,,
밀푀유나베 어떻게 만들어?,1,,,,
두부조림 만드는 방법이 궁금해,1,,,,
오믈렛은 어떻게 만들어야 할까?,1,,,,
알리오올리오 파스타 만들어보고 싶어,1,,,,
사케동은 어떻게 만들수 있어?,1,,,,
LA갈비 맛있게 만드는 방법 알고 싶어,1,,,,
가는파 잡채 어떻게 만들어야 맛있어?,1,,,,
가는파잡채 황금레시피 공유해줄래?,1,,,,
가래떡꼬치 만드는 방법 좀 가르쳐줄래?,1,,,,
가리비구이 맛있게 만드는 방법 알려줄래?,1,,,,
가지 튀김 만드는 법 좀 알려줄 수 있어?,1,,,,
가지된장찜 만드는 방법 좀 가르쳐줄래?,1,,,,
가지쇠고기볶음 만드는 방법 좀 가르쳐줄래?,1,,,,
가지와 마른새우 무침 어떻게 만들어야 해?,1,,,,
가지와 마른새우무침 황금레시피 공유해줄래?,1,,,,
가츠동 맛있게 만드는 방법 좀 알려주세요! 돈까스 눅눅해지는 게 싫어.,1,,,,
가츠동 맛있게 만드는 법 알고 싶어,1,,,,
간장게장 맛있게 만드는 방법 좀 알려줄래?,1,,,,
간장떡볶이 만드는 방법 좀 가르쳐줄래?,1,,,,
간장새우 만드는 법 알려줄래?,1,,,,
갈릭 브레드 만드는 법 좀 알려줄 수 있어?,1,,,,
갈비 구이 어떻게 만들어야 맛있어?,1,,,,
갈비구이 황금레시피 공유해줄래?,1,,,,
갈비떡볶이 만드는 방법 좀 가르쳐줄래?,1,,,,
갈비찜 고기 부드럽게 만드는 방법 좀 알려주세요! 맨날 질겨서 턱 아파.,1,,,,
갈비찜 만드는 방법 좀 알려줘,1,,,,
갈비찜 만드는 법 좀 알려줄 수 있을까?,1,,,,
갈비찜 맛있게 만드는 법 알려줘,1,,,,
갈비찜 맛있게 만드는 법 좀 가르쳐줘.,1,,,,
갈비찜 맛있게 만드는 법 좀 알려줄래?,1,,,,
갈비찜 황금 레시피 좀 알려줄래?,1,,,,
갈비찜 황금레시피 좀 알려줘,1,,,,
갈비탕 깊은 맛 내는 방법이 뭐야? 밖에서 사 먹는 맛 내고 싶어.,1,,,,
갈비탕 만드는 방법 좀 가르쳐줄래?,1,,,,
갈비탕 만드는 법 알려줄래?,1,,,,
갈비탕 맛있게 만드는 법 좀 알려줄래?,1,,,,
갈비탕 어떻게 만들면 좋을까?,1,,,,
갈비탕 어떻게 만들어야 해?,1,,,,
갈치 무조림 황금 레시피 좀 알려줄래?,1,,,,
갈치무조림 황금레시피 좀 공유해줘.,1,,,,
갈치조림 맛있게 만드는 법 좀 알려줄래?,1,,,,
갈치조림 황금레시피 좀 알려줘,1,,,,
감바스 맛있게 만드는 법 공유해줘,1,,,,
감바스 알 아히요 맛있게 만드는 법 좀 알려줄래?,1,,,,
감바스 황금레시피 좀 알려줘,1,,,,
감자 고추채 볶음 황금 레시피 좀 알려줄래?,1,,,,
감자 샐러드 만드는 법 좀 알려줄 수 있어?,1,,,,
감자 수제비 맛있게 만드는 방법 좀 알려줘.,1,,,,
감자 조림 황금 레시피 좀 공유해줄래?,1,,,,
감자 탕 황금 레시피 좀 알려줘.,1,,,,
감자고추채볶음 맛있게 만드는 법 좀 알려줘.,1,,,,
감자국수 황금레시피 공유해줄래?,1,,,,
감자그라탕 맛있게 만드는 법 좀 알려줘.,1,,,,
감자떡 맛있게 만드는 방법 알려줘,1,,,,
감자수제비 맛있게 만드는 법 알려줄래?,1,,,,
감자수프 만드는 방법 좀 가르쳐줄래?,1,,,,
감자조림 맛있게 만드는 법 좀 알려줄래?,1,,,,
감자조림 맛있게 만드는 법 좀 알려줘.,1,,,,
감자탕 만드는 방법 좀 알려줄래?,1,,,,
감자탕 맛있게 만드는 법 알려줘,1,,,,
감자탕 맛있게 만드는 법 좀 알려줄래?,1,,,,
감자탕 맛있게 만드는 법 좀 알려줘.,1,,,,
감자탕 어떻게 만들면 맛있게 할 수 있을까?,1,,,,
갓 김치 어떻게 만들어야 맛있어?,1,,,,
갓김치 황금레시피 좀 공유해줄래?,1,,,,
겉절이 맛있게 만드는 방법 알려줘,1,,,,
게살 스프 만드는 법 좀 공유해줘,1,,,,
게살 파스타 황금레시피 좀 알려줘,1,,,,
계란말이 만드는 방법 좀 가르쳐줄래?,1,,,,
계란말이 만드는 법 알려줘,1,,,,
계란말이 맛있게 만드는 법 좀 가르쳐줘.,1,,,,
계란말이 맛있게 만드는 법 좀 알려줄래?,1,,,,
계란말이 황금레시피 좀 알려줘,1,,,,
계란말이주먹밥 맛있게 만드는 법 좀 알려줘.,1,,,,
계란찜 만드는 방법 좀 가르쳐줄래?,1,,,,
계란찜 어떻게 만들면 좋을까?,1,,,,
고구마그라탱 황금레시피 공유해줄래?,1,,,,
고구마밥 맛있게 만드는 방법 알고 싶어,1,,,,
고구마빵 만드는 법 알려줘,1,,,,
고구마줄기볶음 맛있게 만드는 법 좀 알려줘.,1,,,,
고들빼기김치 만드는 방법 좀 가르쳐줄래?,1,,,,
고등어 살튀김과 소스 황금 레시피 좀 알려줘.,1,,,,
고등어구이 맛있게 만드는 방법 알려줘,1,,,,
고등어구이 맛있게 만드는 법 알려줘,1,,,,
고등어김치조림 만드는 방법 좀 가르쳐줄래?,1,,,,
고등어김치찜 황금레시피 좀 알려줘,1,,,,
고등어된장조림 만드는 방법 좀 가르쳐줄래?,1,,,,
고등어무조림 황금레시피 공유해줄래?,1,,,,
고등어조림 어떻게 만들면 좋을까?,1,,,,
고사리 만드는 법 알려줘,1,,,,
고추부각 만드는 방법 좀 가르쳐줄래?,1,,,,
고추잡채 만드는 법 좀 알려줄 수 있을까?,1,,,,
고추잡채 맛있게 만드는 법 알고 싶어,1,,,,
고추잡채 맛있게 만드는 법 좀 알려줄래?,1,,,,
고추잡채 어떻게 만들면 좋을까?,1,,,,
고추잡채 황금레시피 좀 알려줘,1,,,,
고추장스파게티 만드는 방법 좀 가르쳐줄래?,1,,,,
고추장아찌 맛있게 만드는 법 좀 알려줘.,1,,,,
고추장찌개 맛있게 만드는 방법 알고 싶어,1,,,,
고추장찌개 어떻게 만들면 좋을까?,1,,,,
고추장찌개 황금레시피 좀 알려줘,1,,,,
고춧기름 황금레시피 공유해줄래?,1,,,,
골뱅이 무침 어떻게 만들어야 맛있어?,1,,,,
골뱅이무침 맛있게 만드는 방법 알려줘,1,,,,
골뱅이무침 황금레시피 공유해줄래?,1,,,,
골뱅이소면무침 만드는 법 알려줘,1,,,,
곰탕 만드는 법 좀 가르쳐줘.,1,,,,
곰탕 맛있게 만드는 방법 알려줘,1,,,,
곰탕 황금레시피 좀 공유해줄래?,1,,,,
곱창 만드는 법 좀 알려줄 수 있을까?,1,,,,
곱창전골 맛있게 만드는 법 좀 알려줘.,1,,,,
과일샐러드 황금레시피 공유해줄래?,1,,,,
관자 맛있게 만드는 방법 알려줄래?,1,,,,
광어회 맛있게 만드는 방법 알려줄래?,1,,,,
구운 감자 만드는 법 좀 알려줄래?,1,,,,
구운 감자와 도미 구이 어떻게 만들어야 해?,1,,,,
구운 마늘 새우 맛있게 만드는 법 알려줄래?,1,,,,
구운 아스파라거스 맛있게 만들려면 어떻게 해야 해?,1,,,,
구운 야채 만드는 법 좀 공유해줘,1,,,,
구운 야채 맛있게 만드는 법 좀 알려줄래?,1,,,,
구운 연어 만드는 법 좀 알려줄 수 있어?,1,,,,
구운 연어 맛있게 만드는 법 좀 알려줄래?,1,,,,
구운 치킨 맛있게 만드는 법 좀 알려줄래?,1,,,,
구운감자와 도미구이 만드는 법 좀 알려줄래?,1,,,,
국물닭발 맛있게 만드는 방법 알고 싶어,1,,,,
국수 계란말이 어떻게 만들어야 맛있어?,1,,,,
국수 전골 황금 레시피 좀 알려줄래?,1,,,,
국수계란말이 황금레시피 좀 공유해줄래?,1,,,,
국수전골 맛있게 만드는 법 좀 알려줘.,1,,,,
군만두 만드는 법 좀 알려줄 수 있을까?,1,,,,
군밤 만드는 법 좀 알려줄 수 있을까?,1,,,,
굴 깍두기 맛있게 만드는 방법 좀 가르쳐줘.,1,,,,
굴 만드는 법 좀 알려줄 수 있을까?,1,,,,
굴깍두기 만드는 방법 좀 가르쳐줄래?,1,,,,
규동 만드는 법 알려줄래?,1,,,,
규동 맛있게 만드는 레시피 좀 공유해줄 수 있니?,1,,,,
그릭 샐러드 어떻게 만들면 맛있게 할 수 있을까?,1,,,,
그린파스타 황금레시피 공유해줄래?,1,,,,
기스면 황금레시피 공유해줄래?,1,,,,
김말이튀김 만드는 법 알려줄래?,1,,,,
김밥 맛있게 만드는 방법 알고 싶어,1,,,,
김밥 맛있게 싸는 비법 좀 알려주라!,1,,,,
김밥 어떻게 만들면 좋을까?,1,,,,
김치 적 황금 레시피 좀 알려줄래?,1,,,,
김치 찌개 황금 레시피 좀 알려줄래?,1,,,,
김치꽁치조림 맛있게 만드는 법 좀 알려줘.,1,,,,
김치동그랑땡 맛있게 만드는 법 좀 알려줘.,1,,,,
김치두부쌈 황금레시피 공유해줄래?,1,,,,
김치만두 맛있게 만드는 방법 알려줄래?,1,,,,
김치말이국수 어떻게 만들면 좋을까?,1,,,,
김치볶음 맛있게 만드는 법 알려줘,1,,,,
김치볶음밥 맛있게 만드는 법 좀 알려줄래?,1,,,,
김치볶음밥 맛있게 만드는 법 좀 알려줘.,1,,,,
김치볶음밥 어떻게 만들면 좋을까?,1,,,,
김치부침개 황금레시피 좀 알려줘,1,,,,
김치수제비 만드는 방법 좀 가르쳐줄래?,1,,,,
김치쌈밥 황금레시피 공유해줄래?,1,,,,
김치어묵 황금레시피 공유해줄래?,1,,,,
김치적 만드는 방법 좀 가르쳐줄래?,1,,,,
김치전 만드는 법 좀 알려줄 수 있을까?,1,,,,
김치전 맛있게 만드는 법 좀 알려줄래?,1,,,,
김치전 바삭하게 부치는 방법 좀 알려주세요! 눅눅한 게 싫어.,1,,,,
김치전 황금레시피 좀 알려줘,1,,,,
김치주먹밥 만드는 방법 좀 가르쳐줄래?,1,,,,
김치찌개 만드는 법 좀 공유해줘,1,,,,
김치찌개 맛있게 끓이는 방법 좀 알려줄 수 있어?,1,,,,
김치찌개 맛있게 만드는 법 좀 알려줄래?,1,,,,
김치찌개 맛있게 만드는 법 좀 알려줘.,1,,,,
김치찌개 황금레시피 좀 알려줘,1,,,,
김치찌개에 참치 넣으면 맛있을까? 꿀조합 레시피 좀 알려줘!,1,,,,
김치찜 맛있게 만드는 법 좀 알려줄래?,1,,,,
김치찜 황금레시피 좀 알려줘,1,,,,
김치채소볶음 황금레시피 공유해줄래?,1,,,,
김치채소쌈 황금레시피 공유해줄래?,1,,,,
김치피자 맛있게 만드는 법 좀 알려줘.,1,,,,
까르보나라 스파게티 어떻게 만들어야 해?,1,,,,
까르보나라떡볶이 맛있게 만드는 방법 알려줄래?,1,,,,
까르보나라스파게티 황금레시피 공유해줄래?,1,,,,
깍두기 만드는 법 알려줄래?,1,,,,
깍두기 어떻게 만들면 좋을까?,1,,,,
깍두기 황금레시피 좀 알려줘,1,,,,
깐쇼새우 만드는 법 알려줄래?,1,,,,
깐쇼새우 만드는 법 알려줘,1,,,,
깐풍기 만드는 방법 좀 가르쳐줄래?,1,,,,
깐풍기 만드는 법 좀 알려줘,1,,,,
깐풍기 맛있게 만드는 방법 알려줄 수 있을까?,1,,,,
깐풍기 맛있게 만드는 방법 알려줘,1,,,,
깐풍새우 만드는 방법 좀 가르쳐줄래?,1,,,,
깐풍육 맛있게 만드는 레시피 좀 공유해줄 수 있니?,1,,,,
깻잎 장아찌 만드는 법 좀 가르쳐줘.,1,,,,
깻잎장아찌 맛있게 만드는 법 좀 알려줘.,1,,,,
꼬리 곰탕 맛있게 만드는 법 좀 가르쳐줘.,1,,,,
꼬리곰탕 황금레시피 공유해줄래?,1,,,,
꽁치 간장구이 맛있게 만드는 방법 좀 가르쳐줘.,1,,,,
꽁치 무조림 맛있게 만드는 법 좀 가르쳐줘.,1,,,,
꽁치간장구이 만드는 방법 좀 가르쳐줄래?,1,,,,
꽁치구이 황금레시피 공유해줄래?,1,,,,
꽁치무조림 황금레시피 공유해줄래?,1,,,,
꽃게 찌개 만드는 법 좀 알려줄래?,1,,,,
꽃게찌개 만드는 방법 좀 가르쳐줄래?,1,,,,
꽃게해물탕 황금레시피 공유해줄래?,1,,,,
꽃만두국(완당국) 맛있게 만드는 법 좀 알려줘.,1,,,,
꽃빵 만드는 법 알려줘,1,,,,
꽈배기도넛 만드는 법 알려줘,1,,,,
꿔바로우 튀김옷 바삭하게 만드는 비법 좀 알려주라.,1,,,,
나물 비빔밥 어떻게 만들어야 해?,1,,,,
나물비빔밥 맛있게 만드는 방법 좀 알려줄래?,1,,,,
나박 김치 황금 레시피 좀 알려줄래?,1,,,,
나박김치 맛있게 만드는 법 좀 알려줘.,1,,,,
나폴리탄 파스타 맛있게 만들려면 어떻게 해야 해?,1,,,,
낙지 볶음 어떻게 만들어야 맛있어?,1,,,,
낙지 전골 어떻게 만들어야 맛있어?,1,,,,
낙지볶음 맛있게 만드는 법 좀 알려줘.,1,,,,
낙지전골 황금레시피 좀 공유해줄래?,1,,,,
낙지젓 맛있게 만드는 방법 알려줘,1,,,,
남산왕돈까스 만드는 법 좀 알려줄 수 있을까?,1,,,,
냉고기쌈 만드는 방법 좀 가르쳐줄래?,1,,,,
냉면 만드는 방법 좀 공유해줄 수 있어?,1,,,,
냉면 만드는 법 공유해줄래?,1,,,,
냉이 된장찌개 황금 레시피 좀 알려줄래?,1,,,,
냉이된장국 만드는 법 알려줘,1,,,,
냉이된장찌개 황금레시피 좀 공유해줄래?,1,,,,
냉치킨 만드는 법 좀 알려줄 수 있을까?,1,,,,
녹차모찌 만드는 법 알려줘,1,,,,
녹차수제비 맛있게 만드는 법 좀 알려줘.,1,,,,
녹치케 맛있게 만드는 방법 알고 싶어,1,,,,
뇨끼 쫄깃하게 만드는 방법 좀 알려주라.,1,,,,
뇨키 황금레시피 좀 알려줘,1,,,,
누룽지탕 황금레시피 공유해줄래?,1,,,,
다시마 냉국 맛있게 만드는 방법 좀 알려줄래?,1,,,,
다시마냉국 어떻게 만드는지 알려줘.,1,,,,
다시마볶음 황금레시피 공유해줄래?,1,,,,
단팥죽 만드는 방법 좀 가르쳐줄래?,1,,,,
단호박튀김 황금레시피 공유해줄래?,1,,,,
달래굴파전 맛있게 만드는 법 좀 알려줘.,1,,,,
달래된장찌개 만드는 방법 좀 가르쳐줄래?,1,,,,
달래장김치 황금레시피 공유해줄래?,1,,,,
닭 불고기 맛있게 만드는 방법 좀 알려줘.,1,,,,
닭가슴살 샐러드 맛있게 만드는 법 공유해줄래?,1,,,,
닭가슴살 요리 맛있게 만드는 법 좀 알려줄래?,1,,,,
닭갈비 황금레시피 공유해줄래?,1,,,,
닭강정 만드는 법 알려줘,1,,,,
닭강정 맛있게 만드는 법 알려줘,1,,,,
닭강정 맛있게 만드는 법 좀 알려줘.,1,,,,
닭강정 바삭하고 맛있게 만드는 방법 좀 알려주세요! 눅눅해지는 게 싫어.,1,,,,
닭강정 황금 레시피 좀 공유해줄래?,1,,,,
닭개장 만드는 방법 좀 가르쳐줄래?,1,,,,
닭고기명란튀김 황금레시피 공유해줄래?,1,,,,
닭고기수삼샐러드 만드는 방법 좀 가르쳐줄래?,1,,,,
닭고기카레튀김 맛있게 만드는 법 좀 알려줘.,1,,,,
닭고기콩나물덮밥 맛있게 만드는 법 좀 알려줘.,1,,,,
닭꼬치구이 만드는 방법 좀 가르쳐줄래?,1,,,,
닭날개튀김 만드는 방법 좀 가르쳐줄래?,1,,,,
닭다리굴소스볶음 만드는 방법,1,,,,
닭다리굴소스볶음 만드는 방법 좀 가르쳐줄래?,1,,,,
닭도리탕 맛있게 만드는 방법 알려줘,1,,,,
닭도리탕 맛있게 만드는 법 좀 알려줄래?,1,,,,
닭똥집 맛있게 만드는 방법 알려줘,1,,,,
닭볶음탕 만드는 법 알려줄 수 있을까?,1,,,,
닭볶음탕 맛있게 만드는 법 좀 알려줄래?,1,,,,
닭불고기 만드는 방법 좀 알려줄 수 있어?,1,,,,
대구탕 맛있게 만드는 법 좀 알려줘.,1,,,,
대만식 닭날개 맛있게 만드는 법 공유해줘,1,,,,
대창 맛있게 만드는 방법 알려줘,1,,,,
대패삼겹살 맛있게 만드는 방법 알고 싶어,1,,,,
더덕 구이 맛있게 만드는 법 좀 알려줄래?,1,,,,
더덕구이 만드는 방법 좀 가르쳐줄래?,1,,,,
덴푸라 바삭하게 튀기는 방법 좀 알려줄래? 튀김은 항상 어려워.,1,,,,
도가니탕 맛있게 만드는 법 알려줘.,1,,,,
도가니탕 황금 레시피 좀 알려줄래?,1,,,,
도라지 맛있게 만드는 방법 알려줄래?,1,,,,
돈까스 만드는 방법 좀 알려줘.,1,,,,
돈까스 만드는 법 알려줄래?,1,,,,
돈까스 만드는 법 좀 가르쳐줘.,1,,,,
돈까스 바삭하게 튀기는 방법 좀 알려줘! 눅눅해지는 게 싫어.,1,,,,
돈까스덮밥 황금레시피 공유해줄래?,1,,,,
돈부리 맛있게 만드는 방법 알려줘,1,,,,
돈부리 맛있게 만드는 법 좀 알려줘.,1,,,,
돌솥비빔밥 만드는 법 알려줘,1,,,,
동그랑땡 만드는 법 알려줄래?,1,,,,
동지팥죽 황금레시피 공유해줄래?,1,,,,
동치미 막국수 어떻게 만들어야 해?,1,,,,
동치미 만드는 법 좀 알려줄 수 있을까?,1,,,,
동치미 맛있게 만드는 법 알려줄래.,1,,,,
동치미 맛있게 만드는 법 좀 알려줄래?,1,,,,
동치미 어떻게 만들면 좋을까?,1,,,,
동치미 황금 레시피 좀 공유해줄래?,1,,,,
동치미 황금레시피 좀 알려줘,1,,,,
동치미막국수 황금레시피 좀 알려줘.,1,,,,
동태 찌개 어떻게 만들어야 맛있어?,1,,,,
동태찌개 만드는 방법 좀 가르쳐줄래?,1,,,,
동태찌개 맛있게 만드는 법 좀 알려줄래?,1,,,,
동태찌개 어떻게 만들면 좋을까?,1,,,,
동태찌개 황금레시피 좀 알려줘,1,,,,
동파육 맛있게 만드는 방법 좀 알려줄래?,1,,,,
돼지 갈비 맛있게 만들려면 어떻게 해야 해?,1,,,,
돼지 갈비구이 어떻게 만들어야 맛있어?,1,,,,
돼지갈비 맛있게 만드는 방법 좀 알려줄래?,1,,,,
돼지갈비구이 만드는 방법 좀 가르쳐줄래?,1,,,,
돼지갈비찜 만드는 법 알려줄래?,1,,,,
돼지갈비찜 황금레시피 공유해줄래?,1,,,,
돼지고기 김치찜 맛있게 만드는 법 알려줄래?,1,,,,
돼지고기 탕수육 황금레시피 좀 알려줘,1,,,,
돼지고기표고볶음 황금레시피 공유해줄래?,1,,,,
돼지국밥 맛있게 만드는 방법 알려줄래?,1,,,,
돼지불고기 맛있게 만드는 법 알려줘,1,,,,
된장국 만드는 법 좀 알려줄 수 있을까?,1,,,,
된장국 맛있게 만드는 방법 알려줄래?,1,,,,
된장국 맛있게 만드는 법 좀 알려줄래?,1,,,,
된장깻잎장아찌 황금레시피 공유해줄래?,1,,,,
된장찌개 맛있게 끓이는 꿀방법 있으면 알려줘! 맨날 2% 부족한 맛이야.,1,,,,
된장찌개 맛있게 만드는 방법 알려줘,1,,,,
된장찌개 맛있게 만드는 방법 좀 알려줄래?,1,,,,
된장찌개 어떻게 만들면 좋을까?,1,,,,
된장찌개 황금레시피 좀 알려줘,1,,,,
두릅된장무침 만드는 방법 좀 가르쳐줄래?,1,,,,
두부 국 황금 레시피 좀 공유해줄래?,1,,,,
두부 김치 맛있게 만드는 방법 좀 가르쳐줘.,1,,,,
두부 다시마 말이 어떻게 만들어야 해?,1,,,,
두부 드레싱과 채소 샐러드 어떻게 만들어야 해?,1,,,,
두부 맛있게 만드는 방법 알고 싶어,1,,,,
두부 미역 냉채 어떻게 만들어야 해?,1,,,,
두부 스테이크 맛있게 만드는 법 알려줄래?,1,,,,
두부 양념 조림 맛있게 만드는 법 좀 가르쳐줘.,1,,,,
두부 조개탕 어떻게 만들어야 해?,1,,,,
두부국 맛있게 만드는 방법 좀 가르쳐줄래?,1,,,,
두부굴찌개 맛있게 만드는 법 좀 알려줘.,1,,,,
두부김치 맛있게 만드는 법 알려줘,1,,,,
두부김치 어떻게 만들면 좋을까?,1,,,,
두부김치 황금레시피 좀 공유해줄래?,1,,,,
두부다시마말이 맛있게 만드는 법 알려줘.,1,,,,
두부덮밥 어떻게 만들면 좋을까?,1,,,,
두부두루치기 맛있게 만드는 법 좀 알려줘.,1,,,,
두부드레싱과 채소샐러드 만드는 방법 좀 알려줄래?,1,,,,
두부무침 어떻게 만들면 좋을까?,1,,,,
두부미역냉채 황금레시피 공유해줄래?,1,,,,
두부스테이크 만드는 방법 좀 가르쳐줄래?,1,,,,
두부알찜 황금레시피 공유해줄래?,1,,,,
두부양념조림 만드는 방법 좀 가르쳐줄래?,1,,,,
두부오믈렛 황금레시피 공유해줄래?,1,,,,
두부요리 맛있게 만드는 법 좀 알려줄래?,1,,,,
두부전골 맛있게 만드는 법 알려줘,1,,,,
두부조개탕 만드는 방법 좀 알려줄 수 있어?,1,,,,
두부조림 어떻게 만들면 좋을까?,1,,,,
두부조림 황금레시피 좀 알려줘,1,,,,
두부채소냉채 맛있게 만드는 법 좀 알려줘.,1,,,,
두부카나페 맛있게 만드는 법 좀 알려줘.,1,,,,
두부탕 황금레시피 공유해줄래?,1,,,,
딤섬 만드는 법 좀 알려줄 수 있어? 집에서 만들어 보고 싶은데 어려울까 봐 걱정돼.,1,,,,
떡갈비 구이 황금 레시피 좀 알려줄래?,1,,,,
떡갈비 맛있게 만드는 방법 알고 싶어,1,,,,
떡갈비 황금레시피 좀 알려줘,1,,,,
떡갈비구이 맛있게 만드는 법 좀 알려줘.,1,,,,
떡갈비샌드위치 맛있게 만드는 법 좀 알려줘.,1,,,,
떡국 떡 쫄깃하게 끓이는 방법 좀 알려줄 수 있어? 퍼지는 게 싫어.,1,,,,
떡국 만드는 방법 좀 가르쳐줄래?,1,,,,
떡국 맛있게 만드는 법 좀 알려줄래?,1,,,,
떡국 어떻게 만들면 좋을까?,1,,,,
떡꼬치 맛있게 만드는 방법 알려줘,1,,,,
떡만둣국 맛있게 만드는 법 알려줘,1,,,,
떡볶이 만드는 방법 좀 가르쳐줄래?,1,,,,
떡볶이 만드는 법 좀 알려줄 수 있어?,1,,,,
떡볶이 맛있게 만드는 방법 알고 싶어,1,,,,
떡볶이 맛있게 만드는 법 알려줄래?,1,,,,
떡볶이 맛있게 만드는 법 알려줘,1,,,,
떡볶이 황금 레시피 있으면 알려주라! 완전 똥손이라...,1,,,,
떡잡채 만드는 방법 좀 가르쳐줄래?,1,,,,
똠얌꿍 맛있게 만드는 법 좀 알려줄래?,1,,,,
똠얌꿍 맛있게 만들려면 어떻게 해야 해?,1,,,,
라따뚜이 만드는 법 좀 알려줘!,1,,,,
라멘 육수 깊은 맛 내는 방법 좀 알려주라. 밖에서 사 먹는 맛이 안 나.,1,,,,
라볶이 황금레시피 공유해줄래?,1,,,,
라자냐 만드는 법 좀 알려줄래?,1,,,,
라자냐 맛있게 만드는 법 좀 알려줘.,1,,,,
라자냐 맛있게 만들려면 어떻게 해야 해?,1,,,,
랍스터 롤 맛있게 만드는 방법 공유해줄래?,1,,,,
랍스터 비스크 황금레시피 좀 알려줘,1,,,,
랍스터 요리 맛있게 만드는 법 좀 알려줄래?,1,,,,
랍스터 파스타 만드는 방법 알려줄래?,1,,,,
레몬 갈릭 새우 황금레시피 좀 알려줘,1,,,,
레몬 치킨 만드는 법 좀 공유해줘,1,,,,
레몬 치킨 맛있게 만들려면 어떻게 해야 해?,1,,,,
로브스터 비스크 맛있게 만드는 법 좀 알려줘!,1,,,,
로스트 비프 만드는 법 좀 알려줄 수 있어?,1,,,,
로스트 비프 황금레시피 좀 알려줘,1,,,,
로스트 치킨 황금레시피 좀 알려줘,1,,,,
로스트 터키 황금레시피 좀 알려줘,1,,,,
롤케 비지(양배추 말이) 황금 레시피 좀 공유해줄래?,1,,,,
롤케비지(양배추말이) 맛있게 만드는 법 알려줘.,1,,,,
류산슬 맛있게 만드는 법 좀 알려줘.,1,,,,
리조또 밥알 안 퍼지게 만드는 방법 좀 알려줄래?,1,,,,
마늘 새우 만드는 법 좀 알려줄 수 있어?,1,,,,
마늘 장아찌 황금 레시피 좀 알려줘.,1,,,,
마늘 치킨 만드는 법 좀 알려줄 수 있어?,1,,,,
마늘빵 맛있게 만드는 법 좀 알려줘.,1,,,,
마늘장아찌 만드는 방법 좀 알려줄래?,1,,,,
마라샹궈 어떻게 만들면 좋을까?,1,,,,
마라탕 맛있게 만드는 방법 좀 알려주세요. 마라 초보라 뭐 넣어야 할지 모르겠어.,1,,,,
마르게리타 피자 만드는 법 좀 알려줄 수 있어?,1,,,,
마르게리타 피자 황금레시피 좀 알려줘,1,,,,
마른오징어 조림 어떻게 만들어야 맛있어?,1,,,,
마른오징어조림 황금레시피 좀 공유해줄래?,1,,,,
마카로니 샐러드 맛있게 만드는 법 좀 알려줄래?,1,,,,
마카로니 치즈 맛있게 만드는 법 좀 알려줄래?,1,,,,
마카로니 치즈 황금레시피 좀 알려줘,1,,,,
마파두부 만드는 법 알려줄 수 있을까?,1,,,,
마파두부 맛있게 만드는 법 좀 알려줄래?,1,,,,
마파두부 맛있게 만들려면 어떻게 해야 해?,1,,,,
마파두부 맵기 조절하는 방법 좀 알려줄 수 있어? 매운 거 잘 못 먹어.,1,,,,
막창 만드는 법 알려줄래?,1,,,,
만두 국 만드는 법 좀 가르쳐줘.,1,,,,
만두샐러드 황금레시피 공유해줄래?,1,,,,
만둣국 만드는 방법 좀 알려줄 수 있을까?,1,,,,
말린과일 만드는 법 알려줄래?,1,,,,
맑은떡국 황금레시피 공유해줄래?,1,,,,
매운 닭날개 맛있게 만드는 법 좀 알려줄래?,1,,,,
매운갈비찜 맛있게 만드는 법 좀 알려줄래?,1,,,,
매운족발 맛있게 만드는 법 알려줘,1,,,,
매운탕 어떻게 만들면 좋을까?,1,,,,
매운탕 황금레시피 좀 알려줘,1,,,,
맥심골드 만드는 법 알려줄래?,1,,,,
멕시칸 부리토 어떻게 만들면 맛있게 할 수 있을까?,1,,,,
멕시칸 퀘사디아 만드는 법 좀 알려줄 수 있어?,1,,,,
멘보샤 맛있게 튀기는 방법 좀 알려주세요. 기름 많이 튀는 게 싫어.,1,,,,
멘보샤 황금레시피 좀 알려줘,1,,,,
멸치 볶음 어떻게 만들어야 맛있어?,1,,,,
멸치볶음 맛있게 만드는 방법 알고 싶어,1,,,,
멸치볶음 맛있게 만드는 법 알려줄래?,1,,,,
명란스파게티 맛있게 만드는 방법 알고 싶어,1,,,,
명란젓 만드는 법 알려줄래?,1,,,,
명란젓찌개 맛있게 만드는 법 좀 알려줘.,1,,,,
명이나물 만드는 법 알려줘,1,,,,
모닥치기 맛있게 만드는 방법 알려줘,1,,,,
모듬 초밥 황금 레시피 좀 알려줄래?,1,,,,
모듬쌈밥 황금레시피 공유해줄래?,1,,,,
모듬전 맛있게 만드는 법 좀 알려줘.,1,,,,
모듬채소볶음 만드는 방법 좀 가르쳐줄래?,1,,,,
모듬초밥 맛있게 만드는 법 좀 알려줘.,1,,,,
모찌롤 맛있게 만드는 방법 알려줄래?,1,,,,
모히토 만드는 법 좀 알려줘!,1,,,,
무 맑은국 맛있게 만드는 법 좀 알려줘.,1,,,,
무나물 황금레시피 공유해줄래?,1,,,,
무맑은국 황금레시피 좀 공유해줄래?,1,,,,
무생채 맛있게 만드는 법 좀 알려줘.,1,,,,
무지개떡 맛있게 만드는 방법 알려줘,1,,,,
무초김치 만드는 방법 좀 가르쳐줄래?,1,,,,
묵과 양념장 맛있게 만드는 법 좀 알려줄래?,1,,,,
묵과양념장 만드는 방법 좀 가르쳐줄래?,1,,,,
묵은지김치찜 맛있게 만드는 법 알려줘,1,,,,
묵은지찜 맛있게 만드는 법 알려줘,1,,,,
물냉면 만드는 법 알려줄래?,1,,,,
물만두 만드는 방법 좀 가르쳐줄래?,1,,,,
물만두 맛있게 만드는 방법 알려줘,1,,,,
물회 맛있게 만드는 방법 알고 싶어,1,,,,
미네스트로네 만드는 법 알려줄 수 있어?,1,,,,
미네스트로네 만드는 법 좀 알려줄 수 있어?,1,,,,
미소 라멘 맛있게 만드는 방법 알려줘,1,,,,
미숫가루 만드는 법 좀 알려줄 수 있을까?,1,,,,
미역 냉국 어떻게 만들어야 맛있어?,1,,,,
미역국 만드는 법 알려줄래?,1,,,,
미역국 만드는 법 좀 가르쳐줄래?,1,,,,
미역국 맛있게 만드는 방법 알려줘.,1,,,,
미역국 맛있게 만드는 법 좀 알려줄래?,1,,,,
미역냉국 만드는 법 좀 알려줄래?,1,,,,
미역냉국 어떻게 만들면 좋을까?,1,,,,
미트로프 맛있게 만드는 법 알려줄래?,1,,,,
미트볼 파스타 만드는 방법 알려줄 수 있을까?,1,,,,
미트볼 파스타 황금레시피 좀 알려줘,1,,,,
미트볼 황금레시피 좀 알려줘,1,,,,
바나나 브레드 만드는 법 좀 알려줄 수 있어?,1,,,,
바나나맛우유 맛있게 만드는 방법 알려줄래?,1,,,,
바바리안 프레첼 만드는 법 좀 알려줘!,1,,,,
바베큐 폭립 황금레시피 좀 알려줄래?,1,,,,
바지락볶음 황금레시피 공유해줄래?,1,,,,
바지락칼국수 만드는 방법 좀 가르쳐줄래?,1,,,,
바질 치킨 황금레시피 좀 알려줘,1,,,,
바질 토마토 두부 샐러드 만드는 법 좀 가르쳐줘.,1,,,,
바질 페스토 황금레시피 좀 알려줘,1,,,,
바질토마토두부샐러드 만드는 방법 좀 가르쳐줘.,1,,,,
배추 겉절이 어떻게 만들어야 해?,1,,,,
배추겉절이 황금레시피 공유해줄래?,1,,,,
배추김치 맛있게 만드는 방법 알고 싶어,1,,,,
배추밤김치 황금레시피 공유해줄래?,1,,,,
배추속댓국 황금레시피 공유해줄래?,1,,,,
백 김치 어떻게 만들어야 맛있어?,1,,,,
백김치 만드는 방법 좀 가르쳐줄래?,1,,,,
백김치 만드는 법 알려줄래?,1,,,,
뱅쇼 만드는 방법 좀 알려줘! 겨울에 따뜻하게 마시고 싶어.,1,,,,
버블티 만드는 법 알려줄 수 있을까?,1,,,,
버섯 리조또 황금레시피 좀 알려줘,1,,,,
버섯덮밥 황금레시피 공유해줄래?,1,,,,
버섯두부찌개 황금레시피 공유해줄래?,1,,,,
버섯만두전골 맛있게 만드는 법 좀 알려줘.,1,,,,
버섯잡채밥 만드는 방법 좀 가르쳐줄래?,1,,,,
버섯청국장찌개 맛있게 만드는 법 좀 알려줘.,1,,,,
버섯파스타 황금레시피 공유해줄래?,1,,,,
버터 치킨 황금레시피 좀 알려줘,1,,,,
벌집삼겹살 맛있게 만드는 방법 좀 알려줄래?,1,,,,
베이글 만드는 법 좀 알려줘!,1,,,,
베이컨 라자냐 만드는 법 좀 알려줄 수 있어?,1,,,,
베이컨 랩 새우 만드는 법 좀 알려줄래?,1,,,,
베이컨 에그 샌드위치 만드는 법 좀 알려줄 수 있어?,1,,,,
베이컨꼬치구이 만드는 방법 좀 가르쳐줄래?,1,,,,
베지 버거 맛있게 만드는 법 좀 알려줄래?,1,,,,
베지터블 카레 만드는 법 좀 알려줄래?,1,,,,
베트남 쌀국수 만드는 법 좀 공유해줘,1,,,,
벤토 예쁘게 만드는 방법 좀 알려줄 수 있어? 도시락 싸는 똥손이라...,1,,,,
별미밥 만드는 방법 좀 가르쳐줄래?,1,,,,
보리밥 맛있게 만드는 방법 좀 알려줘,1,,,,
보쌈김치 만드는 방법 좀 가르쳐줄래?,1,,,,
볶음김치 맛있게 만드는 방법 알고 싶어,1,,,,
볶음밥 고슬고슬하게 만드는 비법 좀 알려줘! 맨날 질척거려.,1,,,,
볶음밥 맛있게 만드는 방법 알려줄래?,1,,,,
볶음쌀국수 맛있게 만드는 법 좀 알려줘.,1,,,,
볶음우동 만드는 방법 좀 가르쳐줄래?,1,,,,
볶음우동 맛있게 만드는 방법 알고 싶어,1,,,,
봄동바지락볶음 만드는 방법 좀 가르쳐줄래?,1,,,,
부대찌개 만드는 방법 좀 가르쳐줄래?,1,,,,
부추 김치 맛있게 만드는 법 좀 알려줄래?,1,,,,
부추 표고버섯 볶음 맛있게 만드는 방법 좀 가르쳐줘.,1,,,,
부추김치 맛있게 만드는 법 좀 알려줘.,1,,,,
부추부침개 황금레시피 공유해줄래?,1,,,,
부추전 만드는 법 좀 가르쳐줘.,1,,,,
부추전 황금레시피 좀 공유해줄래?,1,,,,
부추표고버섯볶음 황금레시피 좀 공유해줄래?,1,,,,
북어 국 황금 레시피 좀 공유해줄래?,1,,,,
북어국 만드는 방법 좀 가르쳐줘.,1,,,,
불고기 만드는 방법 좀 알려줄 수 있을까?,1,,,,
불고기 맛있게 만드는 법 알려줘,1,,,,
불고기 맛있게 만드는 법 좀 알려줄래?,1,,,,
불고기 맛있게 만드는 법 좀 알려줘.,1,,,,
불고기 양념 황금 비율 좀 알려줄 수 있어? 밖에서 사 먹는 맛 내고 싶어.,1,,,,
불고기 타코 맛있게 만드는 법 좀 알려줄래?,1,,,,
불고기 황금 레시피 좀 알려줄래?,1,,,,
불고기 황금레시피 좀 알려줘,1,,,,
불고기낙지전골 맛있게 만드는 법 좀 알려줘.,1,,,,
불고기덮밥 어떻게 만들면 좋을까?,1,,,,
불고기버거 만드는 법 좀 알려줄 수 있을까?,1,,,,
불고기찹쌀구이 황금레시피 공유해줄래?,1,,,,
붕어빵 맛있게 만드는 방법 알려줘,1,,,,
브라운 치킨 커리 어떻게 만들면 좋을까?,1,,,,
브로콜리크림수프 맛있게 만드는 법 좀 알려줘.,1,,,,
브리오슈 황금레시피 좀 알려줘,1,,,,
비빔국수 만드는 법 좀 공유해줘,1,,,,
비빔국수 맛있게 만드는 방법 알고 싶어,1,,,,
비빔국수 맛있게 만드는 법 알려줘,1,,,,
비빔국수 맛있게 만드는 법 좀 알려줄래?,1,,,,
비빔냉면 맛있게 만드는 방법 좀 알려줘,1,,,,
비빔냉면 맛있게 만드는 법 알고 싶어,1,,,,
비빔냉면 맛있게 만드는 법 알려줘,1,,,,
비빔밥 어떻게 만들면 좋을까?,1,,,,
비빔쌀국수 만드는 방법 좀 가르쳐줄래?,1,,,,
비지찌개 만드는 법 좀 알려줄 수 있을까?,1,,,,
비프 브리스킷 황금레시피 좀 알려줘,1,,,,
비프 타르타르 만드는 법 좀 공유해줘,1,,,,
빈대떡 맛있게 만드는 법 좀 알려줘.,1,,,,
뼈해장국 만드는 법 알려줄래?,1,,,,
뼈해장국 만드는 법 알려줘,1,,,,
사골우거지탕 맛있게 만드는 법 좀 알려줘.,1,,,,
사골탕 맛있게 만드는 법 좀 알려줘.,1,,,,
사색나물 황금레시피 공유해줄래?,1,,,,
사천식 마라탕 만드는 법 좀 알려줄 수 있어?,1,,,,
사케동 맛있게 만드는 방법 알려줄래?,1,,,,
삼겹살 구이 어떻게 만들면 맛있게 할 수 있을까?,1,,,,
삼겹살 김치찜 만드는 법 좀 공유해줘,1,,,,
삼겹살 김치찜 만드는 법 좀 알려줄래?,1,,,,
삼겹살 맛있게 만드는 법 알려줘,1,,,,
삼겹살구이 맛있게 만드는 법 알려줘,1,,,,
삼겹살깻잎전 맛있게 만드는 법 좀 알려줘.,1,,,,
삼겹살채소말이 맛있게 만드는 법 좀 알려줘.,1,,,,
삼겹살치즈구이 황금레시피 공유해줄래?,1,,,,
삼계탕 닭 냄새 없애는 방법 좀 알려줄 수 있어? 닭 냄새에 민감해.,1,,,,
삼계탕 만드는 방법 좀 가르쳐줄래?,1,,,,
삼계탕 만드는 법 알려줄래?,1,,,,
삼계탕 맛있게 만드는 법 알려줘,1,,,,
삼계탕 맛있게 만드는 법 좀 알려줄래?,1,,,,
삼계탕 황금레시피 좀 알려줘,1,,,,
삼색수제비 황금레시피 공유해줄래?,1,,,,
삼색태극말이초밥 만드는 방법 좀 가르쳐줄래?,1,,,,
상추겉절이비빔밥 맛있게 만드는 법 좀 알려줘.,1,,,,
상추채소무침 만드는 방법 좀 가르쳐줄래?,1,,,,
새송이산적 황금레시피 공유해줄래?,1,,,,
새우 볶음밥 맛있게 만드는 법 좀 알려줄래?,1,,,,
새우 칵테일 어떻게 만들면 좋을까?,1,,,,
새우 탕수육 황금레시피 좀 알려줘,1,,,,
새우 튀김 맛있게 만드는 법 좀 알려줄래?,1,,,,
새우 파스타 맛있게 만드는 법 좀 알려줄래?,1,,,,
새우만두 황금레시피 공유해줄래?,1,,,,
새우젓 만드는 법 좀 알려줄 수 있을까?,1,,,,
새우죽 만드는 법 알려줄래?,1,,,,
새우튀김 맛있게 만드는 법 좀 알려줄래?,1,,,,
샌드위치 맛있게 만드는 방법 좀 알려주세요. 맨날 똑같은 맛이야.,1,,,,
샐러드 니수아즈 황금레시피 좀 알려줄래?,1,,,,
샐러드 맛있게 만드는 방법 좀 알려줘! 질리는 드레싱 말고 새로운 거 먹고 싶어.,1,,,,
생새우초밥 맛있게 만드는 방법 알려줄래?,1,,,,
생선 탕수 황금 레시피 좀 공유해줄래?,1,,,,
생선까스 만드는 법 알려줘,1,,,,
생선초밥 만드는 방법 좀 가르쳐줄래?,1,,,,
생선탕수 만드는 방법 좀 가르쳐줄 수 있어?,1,,,,
생태 국 맛있게 만드는 방법 좀 알려줄래?,1,,,,
생태국 황금레시피 좀 공유해줄 수 있어?,1,,,,
생태매운탕 만드는 방법 좀 가르쳐줄래?,1,,,,
샤부샤부 황금레시피 좀 알려줘,1,,,,
샤브샤브 만드는 방법 좀 가르쳐줘.,1,,,,
샤브샤브 맛있게 만드는 법 좀 가르쳐줘.,1,,,,
샤오롱바오 만드는 방법 좀 알려줄래?,1,,,,
샹그리아 맛있게 만드는 법 좀 알려줄래? 과일 뭐 넣어야 맛있을까?,1,,,,
석박지 맛있게 만드는 방법 알려줘,1,,,,
선지 국 맛있게 만드는 방법 좀 알려줘.,1,,,,
선지국 만드는 방법 좀 가르쳐줄 수 있어?,1,,,,
선지해장국 맛있게 만드는 방법 알려줘,1,,,,
설렁탕 만드는 방법 좀 가르쳐줄래?,1,,,,
설렁탕 만드는 법 좀 알려줄 수 있을까?,1,,,,
설렁탕 어떻게 만들어야 맛있어?,1,,,,
설렁탕 황금레시피 좀 알려줘,1,,,,
성게알 맛있게 만드는 방법 알려줄래?,1,,,,
소갈비 맛있게 만드는 방법 알려줄래?,1,,,,
소갈비찜 맛있게 만드는 방법 알려줘,1,,,,
소고기 볶음 만드는 법 좀 공유해줘,1,,,,
소고기 육회 만드는 법 좀 알려줄래?,1,,,,
소고기 잡채 만드는 법 알려줄래?,1,,,,
소고기무국 만드는 법 좀 알려줄 수 있을까?,1,,,,
소바정식 만드는 방법 좀 가르쳐줄래?,1,,,,
속채운감자 만드는 방법 좀 가르쳐줄래?,1,,,,
송편 만드는 방법 좀 가르쳐줄래?,1,,,,
송편 만드는 법 알려줘,1,,,,
쇠고기 산적 맛있게 만드는 법 좀 알려줄래?,1,,,,
쇠고기 스튜 만드는 법 좀 공유해줘,1,,,,
쇠고기 스튜 맛있게 만드는 방법 알려줄 수 있어?,1,,,,
쇠고기 양송이 볶음 황금 레시피 좀 공유해줄래?,1,,,,
쇠고기 장조림 맛있게 만드는 방법 좀 알려줘.,1,,,,
쇠고기무국 만드는 방법 좀 가르쳐줄래?,1,,,,
쇠고기버섯덮밥 맛있게 만드는 법 좀 알려줘.,1,,,,
쇠고기산적 황금레시피 공유해줄래?,1,,,,
쇠고기양송이볶음 맛있게 만드는 방법 좀 알려줘.,1,,,,
쇠고기완자찜 만드는 방법 좀 가르쳐줄래?,1,,,,
쇠고기장조림 맛있게 만드는 법 좀 알려줘.,1,,,,
쇠고기전골 맛있게 만드는 법 좀 알려줘.,1,,,,
수육 맛있게 만드는 방법 알고 싶어,1,,,,
수육 맛있게 만드는 방법 좀 알려줘,1,,,,
수정과 황금레시피 공유해줄래?,1,,,,
수제비 만드는 법 알려줄래?,1,,,,
숙주미나리무침 맛있게 만드는 법 좀 알려줘.,1,,,,
순대 맛있게 만드는 방법 알려줄래?,1,,,,
순대볶음 맛있게 만드는 법 좀 알려줘.,1,,,,
순두부 찌개 맛있게 만드는 법 좀 가르쳐줘.,1,,,,
순두부찌개 맛있게 만드는 방법 알려줘,1,,,,
순두부찌개 맛있게 만드는 법 알려줘,1,,,,
순두부찌개 맛있게 만드는 법 좀 알려줄래?,1,,,,
순두부찌개 어떻게 만들면 좋을까?,1,,,,
순두부찌개 황금레시피 공유해줄래?,1,,,,
순두부찌개 황금레시피 좀 알려줘,1,,,,
술떡 맛있게 만드는 방법 알려줄 수 있어?,1,,,,
숯불닭갈비 맛있게 만드는 방법 알려줄래?,1,,,,
쉬림프 샐러드 맛있게 만드는 법 좀 알려줄래?,1,,,,
쉬림프 스캠피 맛있게 만드는 법 공유해줘,1,,,,
쉬림프 스캠피 황금레시피 좀 알려줘,1,,,,
쉬림프 요리 만드는 법 좀 공유해줘,1,,,,
쉬림프 프라이드 라이스 황금레시피 좀 알려줘,1,,,,
슈크림빵 맛있게 만드는 방법 알고 싶어,1,,,,
스시 만드는 법 알려줄 수 있어?,1,,,,
스시 황금레시피 좀 공유해줘!,1,,,,
스크램블 에그 촉촉하게 만드는 비법 좀 알려주라. 맨날 퍽퍽해.,1,,,,
스키야키 맛있게 만드는 법 좀 알려줄 수 있을까?,1,,,,
스테이크 굽기 정도는 어떻게 맞추는 게 좋을까? 레스토랑처럼 굽고 싶어.,1,,,,
스테이크 다이안 황금레시피 좀 알려줘,1,,,,
스테이크 만드는 법 좀 알려줄 수 있어?,1,,,,
스테이크 맛있게 만드는 방법 알려줘,1,,,,
스테이크 샌드위치 만드는 법 좀 공유해줘,1,,,,
스테이크 샐러드 만드는 법 좀 공유해줘,1,,,,
스테이크 타르타르 맛있게 만드는 법 공유해줄래?,1,,,,
스테이크 파히타 맛있게 만드는 법 좀 알려줄래?,1,,,,
스테키동 맛있게 만드는 방법 알고 싶어,1,,,,
스파게티 볼로네제 맛있게 만드는 법 좀 알려줘!,1,,,,
스파게티 알리오 올리오 만드는 방법 좀 알려줘,1,,,,
스파게티 카르보나라 맛있게 만드는 법 좀 알려줄래?,1,,,,
스페니쉬 오믈렛 만드는 방법 좀 알려줄래?,1,,,,
시금치 라자냐 만드는 법 좀 알려줄 수 있어?,1,,,,
시금치 리조또 만드는 법 좀 공유해줘,1,,,,
시금치 파스타 만드는 법 좀 공유해줘,1,,,,
시금치된장국 맛있게 만드는 법 좀 알려줘.,1,,,,
시금치된장죽 만드는 방법 좀 가르쳐줄래?,1,,,,
시금치샐러드 맛있게 만드는 법 좀 알려줘.,1,,,,
시저 샐러드 만드는 법 좀 알려줘,1,,,,
시저 샐러드 황금레시피 좀 알려줘,1,,,,
식혜 만드는 법 알려줄래?,1,,,,
쌀국수 만드는 법 알려줘,1,,,,
쌀국수 맛있게 만드는 방법 좀 알려줄 수 있어? 밖에서 사 먹는 맛이 안 나.,1,,,,
쌈장 만드는 법 알려줄래?,1,,,,
쌈장 맛있게 만드는 법 좀 알려줘.,1,,,,
쌈장 어떻게 만들면 좋을까?,1,,,,
쑥버섯볶음 맛있게 만드는 법 좀 알려줘.,1,,,,
쑥브리오슈 맛있게 만드는 법 좀 알려줘.,1,,,,
아구 탕 어떻게 만들어야 맛있어?,1,,,,
아구탕 황금레시피 공유해줄래?,1,,,,
아귀찜 황금레시피 공유해줄래?,1,,,,
아스파라거스새우볶음 만드는 방법 좀 가르쳐줄래?,1,,,,
아욱국 맛있게 만드는 법 좀 알려줘.,1,,,,
아이리시 스튜 만드는 법 좀 알려줄래?,1,,,,
안동찜닭 만드는 법 알려줘,1,,,,
안심스테이크 만드는 방법 좀 가르쳐줄래?,1,,,,
알 탕 황금 레시피 좀 공유해줄래?,1,,,,
알리오 올리오 황금레시피 좀 알려줘,1,,,,
알밥 만드는 법 좀 알려줄래?,1,,,,
알탕 맛있게 만드는 법 좀 알려줘.,1,,,,
알프레도 파스타 황금레시피 좀 알려줘,1,,,,
애플파이 맛있게 만드는 법 좀 알려줄래?,1,,,,
애호박무침 황금레시피 공유해줄래?,1,,,,
야채볶음 맛있게 만드는 법 좀 알려줄래?,1,,,,
야쿠르트 만드는 법 좀 알려줄 수 있을까?,1,,,,
야키소바 만드는 법 알려줘,1,,,,
야키소바 황금레시피 좀 알려줘,1,,,,
약과 황금레시피 공유해줄래?,1,,,,
약식 만드는 방법 공유해줄래?,1,,,,
약식 만드는 방법 좀 알려줄래?,1,,,,
양고기 스테이크 맛있게 만드는 방법 좀 알려줘!,1,,,,
양꼬치 만드는 법 알려줘,1,,,,
양념갈비 만드는 법 좀 알려줄 수 있을까?,1,,,,
양념게장 맛있게 만드는 방법 알려줘,1,,,,
양배추 말이찜 어떻게 만들어야 맛있어?,1,,,,
양배추말이찜 황금레시피 좀 공유해줄래?,1,,,,
양배춧국 만드는 방법 좀 가르쳐줄래?,1,,,,
양상추튀김 황금레시피 공유해줄래?,1,,,,
양송이버섯죽 만드는 방법 좀 가르쳐줄래?,1,,,,
양장피 만드는 법 알려줘,1,,,,
양파 링 황금레시피 좀 알려줘,1,,,,
어니언 스프 맛있게 만드는 법 좀 알려줄래?,1,,,,
어묵국 황금레시피 공유해줄래?,1,,,,
어묵꼬치 맛있게 만드는 방법 알고 싶어,1,,,,
어묵꼬치 황금레시피 공유해줄래?,1,,,,
어묵닭고기조림 황금레시피 공유해줄래?,1,,,,
에그 베네딕트 황금레시피 좀 알려줄래?,1,,,,
에그타르트 만드는 법 좀 알려줄래?,1,,,,
에스카르고 황금레시피 좀 알려줘,1,,,,
연근 조림 황금 레시피 좀 공유해줄래?,1,,,,
연근조림 황금레시피 공유해줄래?,1,,,,
연두부 맛있게 만드는 방법 알려줄래?,1,,,,
연어 구이 맛있게 만드는 법 좀 알려줄래?,1,,,,
연어 까르파치오 황금 레시피 좀 알려줘.,1,,,,
연어 롤 만드는 법 좀 알려줄 수 있어?,1,,,,
연어 샐러드 맛있게 만드는 법 좀 알려줄래?,1,,,,
연어 스테이크 만드는 법 좀 공유해줘,1,,,,
연어 스테이크 만드는 법 좀 알려줄 수 있어?,1,,,,
연어 요리 맛있게 만드는 법 좀 알려줄래?,1,,,,
연어 파스타 만드는 법 좀 공유해줘,1,,,,
연어 포케 맛있게 만드는 법 알려줘,1,,,,
연어 포케 맛있게 만드는 법 좀 알려줄래?,1,,,,
연어 포케 황금레시피 좀 알려줘,1,,,,
연어까르파치오 만드는 방법 좀 가르쳐줄래?,1,,,,
연어샐러드 만드는 방법 좀 가르쳐줄래?,1,,,,
연어알 맛있게 만드는 방법 알려줘,1,,,,
연어알초밥 황금레시피 공유해줄래?,1,,,,
연어양상추쌈 만드는 방법 좀 가르쳐줄래?,1,,,,
연탄불고기 맛있게 만드는 방법 알고 싶어,1,,,,
열무 김치 어떻게 만들어야 맛있어?,1,,,,
열무김치 냉면 맛있게 만드는 법 좀 알려줘.,1,,,,
열무김치 황금레시피 공유해줄래?,1,,,,
열무김치냉면 맛있게 만드는 방법 좀 가르쳐줘.,1,,,,
열무비빔밥 만드는 법 알려줘,1,,,,
열무비빔밥 맛있게 만드는 법 좀 알려줘.,1,,,,
엽떡 맛있게 만드는 방법 알려줄래?,1,,,,
영양돌솥밥 만드는 방법 좀 가르쳐줄래?,1,,,,
영양채소밥 맛있게 만드는 법 좀 알려줘.,1,,,,
오곡 밥 황금 레시피 좀 공유해줄래?,1,,,,
오곡밥 황금레시피 공유 좀 해줘.,1,,,,
오곡밥쌈밥정식 맛있게 만드는 법 좀 알려줘.,1,,,,
오곡주먹밥 황금레시피 공유해줄래?,1,,,,
오돌뼈 만드는 법 좀 알려줄 수 있을까?,1,,,,
오레오빙수 만드는 법 알려줘,1,,,,
오렌지 치킨 맛있게 만드는 법 좀 알려줄래?,1,,,,
오렌지건포도빵 만드는 방법 좀 가르쳐줄래?,1,,,,
오므라이스 만드는 방법 좀 가르쳐줘.,1,,,,
오므라이스 만드는 법 좀 가르쳐줄래?,1,,,,
오므라이스 만드는 법 좀 알려줘!,1,,,,
오믈렛 만드는 방법 좀 가르쳐줄래?,1,,,,
오믈렛 만드는 법 좀 알려줄래?,1,,,,
오믈렛 맛있게 만드는 법 좀 알려줄래?,1,,,,
오믈렛 예쁘게 만드는 방법 좀 알려줄 수 있어? 똥손이라 모양이 안 예뻐.,1,,,,
오삼불고기 맛있게 만드는 법 좀 알려줄래?,1,,,,
오삼불고기 어떻게 만들면 좋을까?,1,,,,
오색 주먹밥 도시락 어떻게 만들어야 해?,1,,,,
오색주먹밥도시락 황금레시피 좀 공유해줄래?,1,,,,
오설록 맛있게 만드는 방법 알려줄래?,1,,,,
오이 나물 어떻게 만들어야 맛있어?,1,,,,
오이 냉국 어떻게 만들어야 해?,1,,,,
오이 소박이 만드는 법 좀 알려줘.,1,,,,
오이김치 황금레시피 좀 알려줘,1,,,,
오이나물 맛있게 만드는 법 좀 알려줘.,1,,,,
오이냉국 맛있게 만드는 법 알려줘.,1,,,,
오이무침 맛있게 만드는 법 좀 알려줘,1,,,,
오이무침 황금레시피 좀 알려줘,1,,,,
오이소박이 만드는 방법 좀 가르쳐줄래?,1,,,,
오이소박이 어떻게 만들면 좋을까?,1,,,,
오이소박이 황금레시피 좀 알려줘,1,,,,
오이지 맛있게 만드는 방법 알려줄래?,1,,,,
오이지 장아찌 무침 황금 레시피 좀 알려줄래?,1,,,,
오이지장아찌무침 황금레시피 좀 공유해줄래?,1,,,,
오이피클 황금레시피 공유해줄래?,1,,,,
오징어 불고기 만드는 법 좀 알려줄래?,1,,,,
오징어덮밥 황금레시피 공유해줄래?,1,,,,
오징어도라지생채 맛있게 만드는 법 좀 알려줘.,1,,,,
오징어무침 만드는 법 알려줘,1,,,,
오징어버터구이 만드는 법 알려줄래?,1,,,,
오징어볶음 맛있게 만드는 방법 알고 싶어,1,,,,
오징어볶음 맛있게 만드는 법 알려줘,1,,,,
오징어볶음 질기지 않게 만드는 방법 좀 알려줄래?,1,,,,
오징어볶음 황금레시피 좀 알려줘,1,,,,
오징어불고기 맛있게 만드는 법 알려줘.,1,,,,
오징어산적 맛있게 만드는 법 좀 알려줘.,1,,,,
오징어삼겹살볶음 맛있게 만드는 법,1,,,,
오징어숙회 황금레시피 공유해줄래?,1,,,,
오징어순대 맛있게 만드는 법 좀 알려줄래?,1,,,,
오징어순대 맛있게 만드는 법 좀 알려줘.,1,,,,
오징어젓갈 만드는 방법 좀 가르쳐줄래?,1,,,,
오징어찌개 맛있게 만드는 법 좀 알려줘.,1,,,,
오징어채볶음 황금레시피 공유해줄래?,1,,,,
오징어탕수 만드는 방법 좀 가르쳐줄래?,1,,,,
오징어통구이 만드는 방법 좀 가르쳐줄래?,1,,,,
오징어풋마늘산적 만드는 방법 좀 가르쳐줄래?,1,,,,
오징어회 맛있게 만드는 방법 알려줄래?,1,,,,
오코노미야끼 맛있게 만드는 방법 좀 알려주라.,1,,,,
오코노미야키 만드는 방법 좀 알려줘,1,,,,
오코노미야키 어떻게 만들면 맛있게 할 수 있을까?,1,,,,
옥수수볶음밥 만드는 방법 좀 가르쳐줄래?,1,,,,
와플 겉바속촉으로 굽는 방법 좀 알려주세요! 똥손이라 맨날 타거나 눅눅해.,1,,,,
왜된장국 맛있게 만드는 법 좀 알려줘.,1,,,,
우거지 된장찌개 어떻게 만들어야 해?,1,,,,
우거지된장찌개 황금레시피 좀 공유해줄래?,1,,,,
우동 맛있게 만드는 방법 알려줄 수 있을까?,1,,,,
우동 면 쫄깃하게 만드는 방법 좀 알려줄 수 있어?,1,,,,
우삼겹 맛있게 만드는 방법 알려줄래?,1,,,,
우엉 조림 황금 레시피 좀 공유해줄래?,1,,,,
우엉조림 황금레시피 공유 좀 해줄래?,1,,,,
우유두부 황금레시피 공유해줄래?,1,,,,
월남쌈 만드는 법 알려줘,1,,,,
월남쌈 맛있게 만드는 법 좀 알려줘.,1,,,,
월남쌈 예쁘게 싸는 방법 좀 알려주라.,1,,,,
유린기 만드는 법 알려줘,1,,,,
유부 만드는 법 알려줘,1,,,,
유부 초밥 만드는 방법 좀 가르쳐줘.,1,,,,
유부계란찜 황금레시피 공유해줄래?,1,,,,
유부미역된장국 맛있게 만드는 법 좀 알려줘.,1,,,,
유부초밥 맛있게 만드는 법 좀 알려줘.,1,,,,
유산슬 만드는 방법 좀 알려줄 수 있을까?,1,,,,
유산슬 맛있게 만드는 방법 알고 싶어,1,,,,
유자차 맛있게 만드는 방법 알고 싶어,1,,,,
육개장 맛있게 만드는 방법 알고 싶어,1,,,,
육개장 맛있게 만드는 법 좀 알려줄래?,1,,,,
육개장 얼큰하고 시원하게 끓이는 방법이 뭐야? 해장하고 싶어.,1,,,,
육개장 황금레시피 공유해줄래?,1,,,,
육포 만드는 법 알려줄래?,1,,,,
육회 맛있게 만드는 법 좀 알려줘.,1,,,,
육회 신선하게 만드는 방법 좀 알려줄 수 있어? 육회 초보라 걱정돼.,1,,,,
육회 어떻게 만들면 좋을까?,1,,,,
육회 황금 레시피 좀 알려줘.,1,,,,
육회비빔밥 만드는 법 알려줄래?,1,,,,
이삭토스트 만드는 법 알려줄래?,1,,,,
인도식 버터치킨 만드는 법 좀 공유해줄래?,1,,,,
인절미 황금레시피 공유해줄래?,1,,,,
일본식 카레 만드는 법 좀 알려줄 수 있어?,1,,,,
잔멸치된장볶음 황금레시피 공유해줄래?,1,,,,
잔치국수 만드는 방법 좀 가르쳐줄래?,1,,,,
잔치국수 만드는 방법 좀 알려줘,1,,,,
잔치국수 육수 맛있게 내는 방법 좀 알려주라. 밖에서 사 먹는 맛이 안 나.,1,,,,
잡곡밥 맛있게 만드는 비법 좀 알려주라. 맨날 푸석푸석해.,1,,,,
잡채 당면 안 불게 삶는 방법 좀 알려줄래? 맨날 팅팅 불어.,1,,,,
잡채 만드는 방법 좀 가르쳐줄래?,1,,,,
잡채 만드는 법 좀 공유해줘,1,,,,
잡채 맛있게 만드는 법 알려줘,1,,,,
잡채 맛있게 만드는 법 좀 알려줄래?,1,,,,
잡채 밥 어떻게 해야 잘 만들 수 있어?,1,,,,
잡채 황금레시피 좀 알려줘,1,,,,
잡채밥 만드는 방법 좀 알려줄 수 있어?,1,,,,
잡탕밥 만드는 법 좀 알려줄 수 있을까?,1,,,,
잣죽 만드는 방법 좀 가르쳐줄래?,1,,,,
장어계란말이 만드는 방법 좀 가르쳐줄래?,1,,,,
장어덮밥 황금레시피 공유해줄래?,1,,,,
재첩 국 만드는 방법 좀 알려줘.,1,,,,
재첩국 맛있게 만드는 방법 좀 알려줄 수 있어?,1,,,,
"잼(사과, 딸기, 포도) 만드는 방법 좀 가르쳐줄래?",1,,,,
쟁반짜장 만드는 법 좀 알려줄 수 있을까?,1,,,,
전병 맛있게 만드는 방법 알려줘,1,,,,
절편 맛있게 만드는 법 좀 알려줘.,1,,,,
제육 보쌈 맛있게 만드는 방법 좀 알려줘.,1,,,,
제육겨자쌈 맛있게 만드는 법 좀 알려줘.,1,,,,
제육덮밥 어떻게 만들면 좋을까?,1,,,,
제육배추찜 맛있게 만드는 법 좀 알려줘.,1,,,,
제육보쌈 황금레시피 좀 알려줄래?,1,,,,
제육볶음 맛있게 만드는 법 알려줘,1,,,,
제육볶음 맛있게 만드는 법 좀 알려줄래?,1,,,,
제육볶음 맛있게 만드는 비법 좀 알려주라. 밖에서 사 먹는 맛 내고 싶어.,1,,,,
제육볶음 어떻게 만들면 좋을까?,1,,,,
제육볶음 황금레시피 좀 알려줘,1,,,,
제육불고기 맛있게 만드는 법 좀 알려줘.,1,,,,
조개맑은국 만드는 방법 좀 가르쳐줄래?,1,,,,
조기 매운탕 맛있게 만드는 법 좀 알려줄래?,1,,,,
조기구이 맛있게 만드는 방법 알려줘,1,,,,
조기매운탕 만드는 방법 좀 가르쳐줄래?,1,,,,
조랭이떡 만드는 법 알려줄래?,1,,,,
족발 만드는 법 알려줄 수 있을까?,1,,,,
주먹김밥 맛있게 만드는 방법 알고 싶어,1,,,,
주먹밥 맛있게 만드는 법 좀 알려줘.,1,,,,
죽순 볶음 맛있게 만드는 법 좀 알려줄래?,1,,,,
죽순 표고버섯 볶음나물 만드는 법 좀 알려줄래?,1,,,,
죽순볶음 만드는 방법 좀 가르쳐줄래?,1,,,,
죽순표고버섯볶음나물 맛있게 만드는 법 좀 알려줘.,1,,,,
중국식 볶음밥 맛있게 만드는 법 좀 가르쳐줘.,1,,,,
중국식볶음밥 만드는 방법 좀 가르쳐줄래?,1,,,,
짜장면 맛있게 만드는 방법 알려줄 수 있을까?,1,,,,
"짜장면 집에서 만들어 먹고 싶은데, 어떻게 만들어? 짜장면 만들기 넘 어렵지 않아?",1,,,,
짬뽕 맛있게 만드는 방법 알려줄래?,1,,,,
짬뽕밥 맛있게 만드는 방법 알려줘,1,,,,
짬뽕해물탕밥 만드는 방법 좀 가르쳐줄래?,1,,,,
쫄면 만드는 법 알려줘,1,,,,
쫄병스낵 맛있게 만드는 방법 알려줄래?,1,,,,
찐빵 만드는 법 알려줄래?,1,,,,
차돌된장찌개 만드는 법 알려줄래?,1,,,,
차슈 덮밥 만드는 법 좀 알려줄래?,1,,,,
찬밥맛탕 황금레시피 공유해줄래?,1,,,,
찬밥전 황금레시피 공유해줄래?,1,,,,
찬밥지짐이 맛있게 만드는 법 좀 알려줘.,1,,,,
찰밥 만드는 방법 좀 가르쳐줄래?,1,,,,
찰밥주먹밥 만드는 방법 좀 가르쳐줄래?,1,,,,
참깨 치킨 황금레시피 좀 공유해줄 수 있어?,1,,,,
참나물고추장무침 황금레시피 공유해줄래?,1,,,,
참치 샐러드 맛있게 만드는 법 좀 알려줄래?,1,,,,
참치 타르타르 만드는 법 좀 공유해줘,1,,,,
참치 포케 맛있게 만드는 법 좀 알려줄래?,1,,,,
참치김치찌개 만드는 법 알려줄 수 있어?,1,,,,
참치볶음 만드는 법 알려줄래?,1,,,,
참치비빔밥 맛있게 만드는 방법 알려줄래?,1,,,,
참치주먹밥 만드는 방법 좀 가르쳐줄래?,1,,,,
참치회 만드는 법 좀 알려줄 수 있을까?,1,,,,
찹쌀도넛 만드는 법 알려줘,1,,,,
찹쌀도넛 맛있게 만드는 방법 알려줘,1,,,,
채소 국수 만드는 방법 좀 알려줄래?,1,,,,
채소 말이 샤브샤브 맛있게 만드는 법 좀 가르쳐줘.,1,,,,
채소국수 만드는 법 공유 좀 해줄래?,1,,,,
채소말이샤브샤브 만드는 방법 좀 가르쳐줄래?,1,,,,
채소비빔소면 황금레시피 공유해줄래?,1,,,,
채소수프 황금레시피 공유해줄래?,1,,,,
채소스프 황금레시피 공유해줄래?,1,,,,
청국장 맛있게 만드는 법 알려줘,1,,,,
청국장 어떻게 만들면 좋을까?,1,,,,
청국장 찌개 황금 레시피 좀 공유해줄래?,1,,,,
청국장 황금레시피 좀 알려줘,1,,,,
청국장찌개 맛있게 만드는 법 알려줘,1,,,,
청국장찌개 맛있게 만드는 법 좀 알려줄래?,1,,,,
청국장찌개 맛있게 만드는 법 좀 알려줘.,1,,,,
청국장찌개 황금레시피 좀 알려줘,1,,,,
초교탕 만드는 방법 좀 가르쳐줄래?,1,,,,
초밥 맛있게 만드는 방법 알려줄래?,1,,,,
초밥 맛있게 만드는 방법 좀 알려줄래?,1,,,,
초밥 맛있게 만드는 방법 좀 알려줘. 밥이랑 생선이 따로 노는 것 같아.,1,,,,
초콜릿 무스 황금레시피 좀 알려줘,1,,,,
초콜릿 브라우니 만드는 법 좀 알려줄 수 있어?,1,,,,
초콜릿 케이크 만드는 법 좀 공유해줘,1,,,,
초콜릿 퐁듀 만드는 법 좀 알려줄 수 있어?,1,,,,
초콜릿 푸딩 맛있게 만드는 법 좀 알려줄래?,1,,,,
총각 김치 어떻게 만들어야 해?,1,,,,
총각김치 맛있게 만드는 방법 알려줘,1,,,,
총각김치 황금레시피 좀 공유해줄래?,1,,,,
쵸윈메이 만드는 법 좀 알려줄래?,1,,,,
충무김밥 맛있게 만드는 법 좀 알려줘.,1,,,,
치맥 맛있게 만드는 방법 알려줘,1,,,,
치즈감자고로케 만드는 법 알려줘,1,,,,
치즈돈까스 황금레시피 공유해줄래?,1,,,,
치즈돈까스정식 맛있게 만드는 방법 알려줄래?,1,,,,
치즈버거 만드는 법 좀 알려줄래?,1,,,,
치즈버거 맛있게 만드는 법 좀 알려줄래?,1,,,,
치즈케이크 만드는 법 좀 공유해줘,1,,,,
치즈케이크 황금레시피 좀 알려줘,1,,,,
치킨 브라이언 맛있게 만들려면 어떻게 해야 해?,1,,,,
치킨 샐러드 맛있게 만드는 법 좀 알려줄래?,1,,,,
치킨 알프레도 파스타 만드는 방법 알려줄 수 있을까?,1,,,,
치킨 알프레도 황금레시피 좀 알려줘,1,,,,
치킨 오븐구이 만드는 법 좀 공유해줘,1,,,,
치킨 오븐구이 맛있게 만들려면 어떻게 해야 해?,1,,,,
치킨 요리 황금레시피 좀 알려줘,1,,,,
치킨 커리 만드는 방법 좀 알려줘,1,,,,
치킨 커리 황금레시피 좀 알려줘,1,,,,
치킨 커틀릿 맛있게 만드는 법 좀 알려줄래?,1,,,,
치킨 커틀릿 황금레시피 좀 알려줘,1,,,,
치킨 케밥 황금레시피 좀 알려줘,1,,,,
치킨 티카 맛있게 만드는 법 좀 알려줄래?,1,,,,
치킨 파르메산 만드는 법 알려줄 수 있어?,1,,,,
치킨 파스타 만드는 법 좀 알려줄 수 있을까?,1,,,,
치킨 파스타 맛있게 만드는 법 좀 알려줄래?,1,,,,
치킨 파히타 만드는 법 좀 알려줄 수 있어?,1,,,,
치킨 팟타이 맛있게 만드는 법 좀 알려줄래?,1,,,,
치킨 팟타이 어떻게 만들면 맛있게 할 수 있을까?,1,,,,
치킨데리야끼 만드는 방법 좀 가르쳐줄래?,1,,,,
치킨롤 황금레시피 공유해줄래?,1,,,,
치킨버섯찜 맛있게 만드는 법 좀 알려줘.,1,,,,
치킨수프 황금레시피 공유해줄래?,1,,,,
카레 라이스 어떻게 만들어야 맛있어?,1,,,,
카레 맛있게 만드는 방법 좀 알려줘! 맨날 똑같은 맛이야.,1,,,,
카레 치킨 만드는 법 좀 알려줄 수 있어?,1,,,,
카레라이스 맛있게 만드는 법 공유해줄래?,1,,,,
카레우동 맛있게 만드는 방법 알고 싶어,1,,,,
카레우동 맛있게 만들려면 어떻게 해야 해?,1,,,,
카르보나라 맛있게 만드는 방법 알려줄래?,1,,,,
카르보나라 어떻게 만들면 맛있게 할 수 있을까?,1,,,,
칼국수 맛있게 만드는 법 좀 알려줄래?,1,,,,
캘리포니아롤 맛있게 만드는 법 좀 알려줘.,1,,,,
컬리플라워해물샐러드 맛있게 만드는 법 좀 알려줘.,1,,,,
케밥 만드는 법 좀 알려줄 수 있을까?,1,,,,
케밥 어떻게 만들면 맛있게 할 수 있을까?,1,,,,
코다리조림 황금레시피 공유해줄래?,1,,,,
코다리찜 황금레시피 공유해줄래?,1,,,,
코코넛 쉬림프 어떻게 만들면 좋을까?,1,,,,
코코넛 카레 맛있게 만드는 법 좀 알려줄래?,1,,,,
콩국 계란찜 맛있게 만드는 법 좀 가르쳐줘.,1,,,,
콩국계란찜 만드는 방법 좀 가르쳐줄래?,1,,,,
콩나물 국밥 황금 레시피 좀 공유해줄래?,1,,,,
콩나물 무침 맛있게 만드는 법 좀 알려줄래?,1,,,,
콩나물 밥 맛있게 만드는 법 좀 가르쳐줘.,1,,,,
콩나물 잡채 맛있게 만드는 법 좀 가르쳐줘.,1,,,,
콩나물국 만드는 방법 좀 공유해줘,1,,,,
콩나물국 맛있게 만드는 법 알려줘,1,,,,
콩나물국밥 만드는 법 알려줘,1,,,,
콩나물국밥 맛있게 만드는 법 좀 알려줘.,1,,,,
콩나물무밥 맛있게 만드는 법 좀 알려줘.,1,,,,
콩나물무침 만드는 법 알려줘,1,,,,
콩나물무침 맛있게 만드는 법 좀 알려줘.,1,,,,
콩나물미나리무침 만드는 방법 좀 가르쳐줄래?,1,,,,
콩나물밥 맛있게 만드는 법 좀 가르쳐줘.,1,,,,
콩나물밥 맛있게 만드는 법 좀 알려줄래?,1,,,,
콩나물버섯덮밥 맛있게 만드는 법 좀 알려줘.,1,,,,
콩나물비빔밥 맛있게 만드는 법 좀 알려줘.,1,,,,
콩나물잡채 맛있게 만드는 법 좀 알려줘.,1,,,,
콩나물찜 황금레시피 좀 알려줘,1,,,,
콩비지 찌개 맛있게 만드는 법 좀 알려줘.,1,,,,
콩비지찌개 황금레시피 좀 공유해줄 수 있어?,1,,,,
콩자반 만드는 방법 좀 가르쳐줄래?,1,,,,
콩자반 어떻게 만들어야 맛있어?,1,,,,
퀘사디아 만드는 법 좀 공유해줄래?,1,,,,
퀘사디아 맛있게 만드는 방법이 뭐야?,1,,,,
크랩 랑군 황금레시피 좀 알려줘,1,,,,
크랩 케이크 만드는 법 좀 알려줘,1,,,,
크레페 어떻게 만들면 맛있게 할 수 있을까?,1,,,,
크림 리조또 만드는 법 좀 알려줘,1,,,,
크림 브륄레 맛있게 만드는 방법 공유해줄래?,1,,,,
크림 치킨 만드는 법 좀 공유해줘,1,,,,
크림새우 맛있게 만드는 법 좀 알려줄래?,1,,,,
크림새우 황금레시피 좀 알려줘,1,,,,
크림치즈 스파게티 만드는 법 좀 알려줄 수 있어?,1,,,,
크림카레우동 맛있게 만드는 방법 알려줄래?,1,,,,
크림파스타 맛있게 만드는 법 좀 알려줄래?,1,,,,
크림파스타 황금레시피 좀 알려줘,1,,,,
타마고야키 만드는 법 좀 알려줘,1,,,,
타이 그린 커리 황금레시피 좀 알려줘,1,,,,
타이 녹색 커리 만드는 법 좀 알려줄 수 있어?,1,,,,
타이 똠얌 황금레시피 좀 알려줘,1,,,,
타이 똠얌꿍 맛있게 만드는 법 좀 알려줄래?,1,,,,
타이 똠카카이 만드는 법 좀 알려줄래?,1,,,,
타이 레드 커리 만드는 법 좀 공유해줘,1,,,,
타이 레드 커리 만드는 법 좀 알려줄래?,1,,,,
타이 바질 치킨 맛있게 만드는 법 좀 알려줄래?,1,,,,
타이 바질 치킨 맛있게 만들려면 어떻게 해야 해?,1,,,,
타이 요리 만드는 법 좀 알려줄 수 있어?,1,,,,
타이 카레 만드는 법 좀 공유해줘,1,,,,
타이 카레 황금레시피 좀 알려줘,1,,,,
타코 만드는 법 좀 알려주시겠어요?,1,,,,
타코 샐러드 맛있게 만드는 법 좀 알려줄래?,1,,,,
타코 황금레시피 좀 알려줘,1,,,,
타코 황금레시피 좀 알려줘!,1,,,,
타코야끼 맛있게 만드는 방법 좀 알려줘!,1,,,,
타코야키 맛있게 만드는 방법 알고 싶어,1,,,,
탄두리 치킨 황금레시피 좀 알려줘,1,,,,
탕수육 만드는 법 알려줄래?,1,,,,
탕수육 만드는 법 좀 알려줄래?,1,,,,
탕수육 바삭하게 튀기는 방법 좀 알려줘! 눅눅해지는 게 싫어.,1,,,,
탕수육 어떻게 만들어야 맛있어?,1,,,,
탕수육 황금레시피 공유해줄래?,1,,,,
텍사스 바비큐 만드는 법 좀 알려줄래?,1,,,,
텐동 만드는 법 알려줘,1,,,,
텐동 황금레시피 좀 알려줘,1,,,,
텐무스 만드는 방법 좀 알려줄래?,1,,,,
텐텐 만드는 법 알려줘,1,,,,
토란곰탕 만드는 방법 좀 가르쳐줄래?,1,,,,
토르티야 만드는 법 좀 공유해줘!,1,,,,
토마토 라이스 만드는 법 좀 공유해줘,1,,,,
토마토 브루스케타 만드는 법 좀 공유해줘,1,,,,
토마토 수프 만드는 법 좀 알려줄래?,1,,,,
토마토 파스타 황금레시피 좀 알려줘,1,,,,
토마토해산물스파게티 맛있게 만드는 법 좀 알려줘.,1,,,,
통감자 만드는 법 알려줘,1,,,,
통배추 김치 황금 레시피 좀 공유해줄래?,1,,,,
통배추김치 맛있게 만드는 법 좀 알려줘.,1,,,,
티라미수 어떻게 만들면 좋을까?,1,,,,
파 김치 황금 레시피 좀 공유해줄래?,1,,,,
파김치 맛있게 만드는 방법 알려줘,1,,,,
파김치 황금레시피 공유해줄래?,1,,,,
파래 맛있게 만드는 방법 알고 싶어,1,,,,
파래무침 맛있게 만드는 법 좀 알려줘.,1,,,,
파무침 맛있게 만드는 방법 알려줄래?,1,,,,
파스타 면 삶을 때 소금은 얼마나 넣어야 해? 맨날 짜거나 싱거워.,1,,,,
파스타 알리오 올리오 맛있게 만드는 법 좀 알려줄래?,1,,,,
파스타 프리마베라 황금레시피 좀 알려줘,1,,,,
파에야 황금레시피 좀 알려줄래?,1,,,,
파전 만드는 법 좀 공유해줘,1,,,,
파전 맛있게 만드는 방법 알고 싶어,1,,,,
파전 맛있게 만드는 방법 있으면 알려줘! 쪽파 말고 다른 재료도 넣어도 될까?,1,,,,
파전 맛있게 만드는 법 좀 알려줄래?,1,,,,
파전 황금레시피 좀 알려줘,1,,,,
팔보채 만드는 법 알려줘,1,,,,
팔보채 맛있게 만드는 방법 좀 알려주세요.,1,,,,
팔보채 맛있게 만드는 법 알려줄 수 있어?,1,,,,
팟시유 황금레시피 좀 공유해줘,1,,,,
팟타이 만드는 방법 좀 알려줄 수 있어?,1,,,,
팟타이 만드는 법 알려줄래?,1,,,,
팟타이 맛있게 만드는 방법이 뭐야?,1,,,,
팥 국수 어떻게 만들어야 맛있어?,1,,,,
팥 칼국수 황금 레시피 좀 공유해줄래?,1,,,,
팥국수 만드는 방법 좀 가르쳐줄 수 있어?,1,,,,
팥시루떡 맛있게 만드는 법 좀 알려줘.,1,,,,
팥칼국수 만드는 방법 좀 가르쳐줄래?,1,,,,
팥타르트 만드는 방법 좀 가르쳐줄래?,1,,,,
팬케이크 폭신폭신하게 만드는 방법이 궁금해. 핫케이크 가루 없이 만들 수 있을까?,1,,,,
팽이버섯 소고기 볶음 만드는 법 좀 알려줘,1,,,,
페스토 파스타 맛있게 만드는 법 좀 알려줄래?,1,,,,
페스토 파스타 어떻게 만들면 좋을까?,1,,,,
페스토 파스타 황금레시피 좀 알려줘,1,,,,
페스토 피자 만드는 법 좀 알려줄 수 있어?,1,,,,
페퍼로니 피자 맛있게 만드는 법 알려줘,1,,,,
편육 맛있게 만드는 방법 알고 싶어,1,,,,
평양냉면 맛있게 만드는 방법 알려줘,1,,,,
포르투갈식 타르트 황금레시피 좀 알려줘,1,,,,
포케 어떻게 만들면 좋을까?,1,,,,
퐁듀 맛있게 만드는 방법 좀 알려줄 수 있어? 치즈 덕후라 궁금해!,1,,,,
프렌치 어니언 수프 황금레시피 좀 알려줄래?,1,,,,
프렌치 어니언 스프 황금레시피 좀 알려줘,1,,,,
프렌치 토스트 만드는 법 좀 알려줄 수 있어?,1,,,,
프렌치토스트 황금 레시피 좀 공유해줄 수 있니? 겉바속촉으로 만들고 싶어.,1,,,,
프리타타 만드는 법 좀 알려줘!,1,,,,
피시 앤 칩스 맛있게 만들려면 어떻게 해야 해?,1,,,,
피시 타코 만드는 방법 좀 알려줘,1,,,,
피자 도우 어떻게 만들면 좋을까?,1,,,,
피자 맛있게 만드는 방법 좀 알려주라. 완전 똥손이라...,1,,,,
피자찐빵 맛있게 만드는 방법 알려줄래?,1,,,,
필리 치즈 스테이크 어떻게 만들면 좋을까?,1,,,,
하와이안 피자 맛있게 만들려면 어떻게 해야 해?,1,,,,
한국식타코샐러드 맛있게 만드는 법 좀 알려줘.,1,,,,
한우스테이크 맛있게 만드는 방법 알고 싶어,1,,,,
핫도그 맛있게 만드는 법 공유해줘,1,,,,
해물 국수 어떻게 만들어야 맛있어?,1,,,,
해물 덮밥 황금레시피 좀 알려줘,1,,,,
해물 리소토 맛있게 만드는 법 좀 알려줄래?,1,,,,
해물 리조또 어떻게 만들면 좋을까?,1,,,,
해물 리조또 황금레시피 좀 알려줘,1,,,,
해물 볶음밥 만드는 법 좀 알려줄 수 있어?,1,,,,
해물 샐러드 맛있게 만드는 법 공유해줘,1,,,,
해물 쌀국수 맛있게 만들려면 어떻게 해야 해?,1,,,,
해물 전골 황금레시피 좀 알려줘,1,,,,
해물 파전 만드는 법 좀 가르쳐줘.,1,,,,
해물국수 맛있게 만드는 법 좀 알려줘.,1,,,,
해물국시 황금레시피 공유해줄래?,1,,,,
해물누룽지탕 맛있게 만드는 방법 알려줄래?,1,,,,
해물떡꼬치 황금레시피 공유해줄래?,1,,,,
해물밥전 황금레시피 공유해줄래?,1,,,,
해물순두부 만드는 법 알려줘,1,,,,
해물스파게티 만드는 방법 좀 가르쳐줄래?,1,,,,
해물잡채 맛있게 만드는 법 좀 알려줘.,1,,,,
해물전골 맛있게 만드는 법 좀 알려줘.,1,,,,
해물찜 맛있게 만드는 법 좀 알려줄래?,1,,,,
해물찜 황금레시피 좀 알려줄래?,1,,,,
해물칼국수 맛있게 만드는 법 알려줘,1,,,,
해물탕 맛있게 만드는 법 알려줘,1,,,,
해물파스타 황금레시피 좀 알려줘,1,,,,
해물파전 만드는 방법 좀 가르쳐줄래?,1,,,,
해물파전 만드는 법 알려줄 수 있어?,1,,,,
해물파전 맛있게 만드는 법 알려줘,1,,,,
해물파전 맛있게 만드는 법 좀 알려줄래?,1,,,,
해물파전 해물 듬뿍 넣고 맛있게 만드는 방법은? 해물파전 황금 레시피 좀 알려줘!,1,,,,
해산물 리조또 만드는 법 좀 공유해줘,1,,,,
해산물 샐러드 맛있게 만드는 법 좀 가르쳐줄래?,1,,,,
해산물 요리 황금레시피 좀 알려줘,1,,,,
해산물 카레 만드는 법 좀 공유해줘,1,,,,
해산물 파스타 맛있게 만드는 법 공유해줘,1,,,,
해산물 파스타 맛있게 만드는 법 좀 알려줄래?,1,,,,
해산물두부수프 맛있게 만드는 법 좀 알려줘.,1,,,,
해산물샐러드 황금레시피 좀 공유해줄래?,1,,,,
해장 라면 황금 레시피 좀 알려줄래?,1,,,,
해장라면 맛있게 만드는 법 알려줘.,1,,,,
해초무침 만드는 방법 좀 가르쳐줄래?,1,,,,
해파리 냉채 맛있게 만드는 법 좀 알려줄래?,1,,,,
해파리냉채 만드는 방법 좀 알려줄래?,1,,,,
해파리해물냉채 맛있게 만드는 법 좀 알려줘.,1,,,,
햄버거 만드는 법 좀 공유해줘,1,,,,
햄버거 맛있게 만드는 방법 알려줄 수 있어? 수제버거 만들어 보고 싶어!,1,,,,
햄버거 패티 만드는 법 좀 공유해줘,1,,,,
호로요이 만드는 법 좀 알려줄 수 있을까?,1,,,,
호미빙 맛있게 만드는 방법 좀 알려줘,1,,,,
호박 죽 어떻게 만드는 거야?,1,,,,
호박두부찌개 만드는 방법 좀 가르쳐줄래?,1,,,,
호박떡 만드는 법 알려줄래?,1,,,,
호박양파국 맛있게 만드는 법 좀 알려줘.,1,,,,
호박전 맛있게 만드는 방법 알고 싶어,1,,,,
호박전 맛있게 만드는 법 좀 알려줘.,1,,,,
호박전 황금 레시피 좀 공유해줄래?,1,,,,
호박죽 어떻게 만들어? 레시피 좀 알려줘.,1,,,,
호박죽 황금레시피 좀 알려줘,1,,,,
홍차계란장조림 황금레시피 공유해줄래?,1,,,,
홍초 맛있게 만드는 방법 알려줄래?,1,,,,
홍콩식 새우볶음밥 만드는 방법 좀 알려줄래?,1,,,,
홍콩식 차슈 만드는 법 좀 알려줄래?,1,,,,
홍합 꼬치구이 어떻게 만들어야 해?,1,,,,
홍합꼬치구이 만드는 방법 좀 공유해줄래?,1,,,,
홍합미역국 맛있게 만드는 법 좀 알려줘.,1,,,,
홍합탕 맛있게 만드는 법 좀 알려줘.,1,,,,
화양적 황금레시피 공유해줄래?,1,,,,
화전 맛있게 만드는 법 좀 알려줘.,1,,,,
회냉면 만드는 법 좀 알려줄 수 있을까?,1,,,,
회덮밥 만드는 법 좀 알려줄 수 있을까?,1,,,,
회오리감자 만드는 법 알려줄 수 있을까?,1,,,,
횡성한우 만드는 법 좀 알려줄 수 있을까?,1,,,,
후쿠오카함바그 만드는 법 알려줘,1,,,,
훈제 연어 맛있게 만드는 법 공유해줄래?,1,,,,
훈제 연어 황금레시피 좀 알려줘,1,,,,
훈제 오리 맛있게 만드는 법 좀 알려줄 수 있어?,1,,,,
"훠궈 육수 맛있게 만드는 비법 좀 알려주실래요? 백탕, 홍탕 둘 다 맛있게 만들고 싶어.",1,,,,
흑임자 죽 황금 레시피 좀 알려줘.,1,,,,
흑임자죽 황금레시피 좀 알려줄 수 있어?,1,,,,